feature,feature,type,p_value,relevant
"F_x__fft_coefficient__coeff_1__attr_""abs""","F_x__fft_coefficient__coeff_1__attr_""abs""",real,1.0046938387007662e-126,True
"F_x__fft_coefficient__coeff_2__attr_""abs""","F_x__fft_coefficient__coeff_2__attr_""abs""",real,1.841348754334631e-110,True
"F_x__fft_coefficient__coeff_3__attr_""abs""","F_x__fft_coefficient__coeff_3__attr_""abs""",real,6.582392658349239e-99,True
"F_x__fft_coefficient__coeff_5__attr_""abs""","F_x__fft_coefficient__coeff_5__attr_""abs""",real,9.977336668001573e-99,True
"F_x__fft_coefficient__coeff_4__attr_""abs""","F_x__fft_coefficient__coeff_4__attr_""abs""",real,3.997993480661056e-98,True
"F_x__fft_coefficient__coeff_7__attr_""abs""","F_x__fft_coefficient__coeff_7__attr_""abs""",real,1.101874312691957e-96,True
"F_x__fft_coefficient__coeff_6__attr_""abs""","F_x__fft_coefficient__coeff_6__attr_""abs""",real,1.9020708765793549e-91,True
"F_x__fft_coefficient__coeff_23__attr_""abs""","F_x__fft_coefficient__coeff_23__attr_""abs""",real,2.876717947115372e-87,True
"F_x__fft_coefficient__coeff_11__attr_""abs""","F_x__fft_coefficient__coeff_11__attr_""abs""",real,6.796478922194206e-87,True
"F_x__fft_coefficient__coeff_17__attr_""abs""","F_x__fft_coefficient__coeff_17__attr_""abs""",real,1.3672743300880408e-86,True
"F_x__fft_coefficient__coeff_31__attr_""abs""","F_x__fft_coefficient__coeff_31__attr_""abs""",real,2.8255028309531023e-85,True
"F_x__fft_coefficient__coeff_25__attr_""abs""","F_x__fft_coefficient__coeff_25__attr_""abs""",real,2.293365170388825e-84,True
"F_x__fft_coefficient__coeff_47__attr_""abs""","F_x__fft_coefficient__coeff_47__attr_""abs""",real,7.575681207353714e-84,True
"F_x__change_quantiles__f_agg_""var""__isabs_True__qh_1.0__ql_0.0","F_x__change_quantiles__f_agg_""var""__isabs_True__qh_1.0__ql_0.0",real,2.9015252973644007e-83,True
"F_x__fft_coefficient__coeff_9__attr_""abs""","F_x__fft_coefficient__coeff_9__attr_""abs""",real,3.313323185851796e-82,True
"F_x__fft_coefficient__coeff_13__attr_""abs""","F_x__fft_coefficient__coeff_13__attr_""abs""",real,1.4906942398232146e-81,True
"F_x__fft_coefficient__coeff_35__attr_""abs""","F_x__fft_coefficient__coeff_35__attr_""abs""",real,1.458343983465897e-80,True
"F_x__fft_coefficient__coeff_41__attr_""abs""","F_x__fft_coefficient__coeff_41__attr_""abs""",real,3.550502394526829e-80,True
"F_x__fft_coefficient__coeff_22__attr_""abs""","F_x__fft_coefficient__coeff_22__attr_""abs""",real,4.0542526948199516e-80,True
"F_x__fft_coefficient__coeff_10__attr_""abs""","F_x__fft_coefficient__coeff_10__attr_""abs""",real,6.383506453451821e-80,True
"F_x__fft_coefficient__coeff_8__attr_""abs""","F_x__fft_coefficient__coeff_8__attr_""abs""",real,1.4350522616639374e-79,True
"F_x__fft_coefficient__coeff_12__attr_""abs""","F_x__fft_coefficient__coeff_12__attr_""abs""",real,2.810986661989573e-79,True
"F_x__fft_coefficient__coeff_33__attr_""abs""","F_x__fft_coefficient__coeff_33__attr_""abs""",real,9.089239885001721e-79,True
"F_x__fft_coefficient__coeff_15__attr_""abs""","F_x__fft_coefficient__coeff_15__attr_""abs""",real,1.1092752867537253e-78,True
"F_x__fft_coefficient__coeff_14__attr_""abs""","F_x__fft_coefficient__coeff_14__attr_""abs""",real,2.974554510479171e-78,True
"F_x__fft_coefficient__coeff_37__attr_""abs""","F_x__fft_coefficient__coeff_37__attr_""abs""",real,3.4470949025221275e-77,True
"F_x__fft_coefficient__coeff_43__attr_""abs""","F_x__fft_coefficient__coeff_43__attr_""abs""",real,4.876614792668442e-77,True
"F_x__fft_coefficient__coeff_55__attr_""abs""","F_x__fft_coefficient__coeff_55__attr_""abs""",real,7.201734368761548e-77,True
"F_x__fft_coefficient__coeff_49__attr_""abs""","F_x__fft_coefficient__coeff_49__attr_""abs""",real,8.009077512958602e-77,True
"F_x__fft_coefficient__coeff_21__attr_""abs""","F_x__fft_coefficient__coeff_21__attr_""abs""",real,2.9617124744954515e-76,True
"F_x__fft_coefficient__coeff_29__attr_""abs""","F_x__fft_coefficient__coeff_29__attr_""abs""",real,1.0563006281471026e-75,True
"F_x__fft_coefficient__coeff_27__attr_""abs""","F_x__fft_coefficient__coeff_27__attr_""abs""",real,2.4914576839681113e-75,True
"F_x__fft_coefficient__coeff_19__attr_""abs""","F_x__fft_coefficient__coeff_19__attr_""abs""",real,9.904306866062122e-75,True
"F_x__fft_coefficient__coeff_53__attr_""abs""","F_x__fft_coefficient__coeff_53__attr_""abs""",real,5.24072403515623e-74,True
"F_x__fft_coefficient__coeff_16__attr_""abs""","F_x__fft_coefficient__coeff_16__attr_""abs""",real,1.2260729261661053e-72,True
"F_x__fft_coefficient__coeff_34__attr_""abs""","F_x__fft_coefficient__coeff_34__attr_""abs""",real,2.575611196804399e-71,True
"F_x__fft_coefficient__coeff_18__attr_""abs""","F_x__fft_coefficient__coeff_18__attr_""abs""",real,9.982721141791763e-70,True
"F_x__fft_coefficient__coeff_62__attr_""abs""","F_x__fft_coefficient__coeff_62__attr_""abs""",real,3.557163688407724e-69,True
"F_x__fft_coefficient__coeff_20__attr_""abs""","F_x__fft_coefficient__coeff_20__attr_""abs""",real,3.775915652757526e-69,True
"F_x__fft_coefficient__coeff_24__attr_""abs""","F_x__fft_coefficient__coeff_24__attr_""abs""",real,3.8613485753734535e-69,True
"F_x__fft_coefficient__coeff_26__attr_""abs""","F_x__fft_coefficient__coeff_26__attr_""abs""",real,4.775437000894778e-69,True
"F_x__fft_coefficient__coeff_59__attr_""abs""","F_x__fft_coefficient__coeff_59__attr_""abs""",real,2.922697050313887e-67,True
"F_x__fft_coefficient__coeff_61__attr_""abs""","F_x__fft_coefficient__coeff_61__attr_""abs""",real,4.5839477817108797e-67,True
"F_x__fft_coefficient__coeff_46__attr_""abs""","F_x__fft_coefficient__coeff_46__attr_""abs""",real,5.043025143524482e-67,True
"F_x__fft_coefficient__coeff_28__attr_""abs""","F_x__fft_coefficient__coeff_28__attr_""abs""",real,1.3075236468507927e-66,True
"F_x__fft_coefficient__coeff_38__attr_""abs""","F_x__fft_coefficient__coeff_38__attr_""abs""",real,9.435583578784696e-66,True
F_x__partial_autocorrelation__lag_3,F_x__partial_autocorrelation__lag_3,real,1.936003540778879e-65,True
"F_x__fft_coefficient__coeff_39__attr_""abs""","F_x__fft_coefficient__coeff_39__attr_""abs""",real,2.5406322444830974e-65,True
"F_x__fft_coefficient__coeff_32__attr_""abs""","F_x__fft_coefficient__coeff_32__attr_""abs""",real,7.275941472840613e-65,True
"F_x__fft_coefficient__coeff_45__attr_""abs""","F_x__fft_coefficient__coeff_45__attr_""abs""",real,1.7216966380248202e-64,True
"F_x__fft_coefficient__coeff_71__attr_""abs""","F_x__fft_coefficient__coeff_71__attr_""abs""",real,3.9166220500770504e-63,True
"F_x__fft_coefficient__coeff_51__attr_""abs""","F_x__fft_coefficient__coeff_51__attr_""abs""",real,3.4858282331763153e-62,True
"F_x__change_quantiles__f_agg_""var""__isabs_False__qh_1.0__ql_0.0","F_x__change_quantiles__f_agg_""var""__isabs_False__qh_1.0__ql_0.0",real,4.408326811532613e-62,True
"F_x__fft_coefficient__coeff_67__attr_""abs""","F_x__fft_coefficient__coeff_67__attr_""abs""",real,8.285408781952879e-62,True
F_x__minimum,F_x__minimum,real,2.6511505693447216e-61,True
"F_x__change_quantiles__f_agg_""var""__isabs_True__qh_1.0__ql_0.2","F_x__change_quantiles__f_agg_""var""__isabs_True__qh_1.0__ql_0.2",real,1.7737457069715998e-59,True
"F_x__fft_coefficient__coeff_36__attr_""abs""","F_x__fft_coefficient__coeff_36__attr_""abs""",real,1.3728983670206838e-58,True
"F_x__fft_coefficient__coeff_65__attr_""abs""","F_x__fft_coefficient__coeff_65__attr_""abs""",real,2.9542496140420287e-58,True
"F_x__fft_coefficient__coeff_57__attr_""abs""","F_x__fft_coefficient__coeff_57__attr_""abs""",real,1.1524021508583541e-57,True
"F_x__fft_coefficient__coeff_79__attr_""abs""","F_x__fft_coefficient__coeff_79__attr_""abs""",real,1.2167170677424065e-57,True
"F_x__fft_coefficient__coeff_73__attr_""abs""","F_x__fft_coefficient__coeff_73__attr_""abs""",real,1.484198653733368e-57,True
"F_x__fft_coefficient__coeff_44__attr_""abs""","F_x__fft_coefficient__coeff_44__attr_""abs""",real,3.3431596383892677e-56,True
"F_x__fft_coefficient__coeff_40__attr_""abs""","F_x__fft_coefficient__coeff_40__attr_""abs""",real,3.515632348790273e-56,True
"F_x__fft_coefficient__coeff_50__attr_""abs""","F_x__fft_coefficient__coeff_50__attr_""abs""",real,1.1075628850284651e-55,True
"F_x__fft_coefficient__coeff_48__attr_""abs""","F_x__fft_coefficient__coeff_48__attr_""abs""",real,2.564859089478346e-55,True
"F_x__fft_coefficient__coeff_82__attr_""abs""","F_x__fft_coefficient__coeff_82__attr_""abs""",real,4.081463249068671e-54,True
"F_x__fft_coefficient__coeff_64__attr_""abs""","F_x__fft_coefficient__coeff_64__attr_""abs""",real,2.315044322319258e-53,True
"F_x__fft_coefficient__coeff_69__attr_""abs""","F_x__fft_coefficient__coeff_69__attr_""abs""",real,3.8012215074766425e-53,True
"F_x__fft_coefficient__coeff_74__attr_""abs""","F_x__fft_coefficient__coeff_74__attr_""abs""",real,5.776102304906061e-53,True
"F_x__fft_coefficient__coeff_89__attr_""abs""","F_x__fft_coefficient__coeff_89__attr_""abs""",real,1.6750026063755487e-52,True
"F_x__fft_coefficient__coeff_42__attr_""abs""","F_x__fft_coefficient__coeff_42__attr_""abs""",real,1.677809193626583e-52,True
"F_x__fft_coefficient__coeff_54__attr_""abs""","F_x__fft_coefficient__coeff_54__attr_""abs""",real,7.576961856614989e-52,True
"F_x__fft_coefficient__coeff_83__attr_""abs""","F_x__fft_coefficient__coeff_83__attr_""abs""",real,1.8473115383106075e-51,True
"F_x__fft_coefficient__coeff_58__attr_""abs""","F_x__fft_coefficient__coeff_58__attr_""abs""",real,2.846610265814372e-51,True
"F_x__fft_coefficient__coeff_97__attr_""abs""","F_x__fft_coefficient__coeff_97__attr_""abs""",real,2.9812308570932944e-51,True
"F_x__fft_coefficient__coeff_63__attr_""abs""","F_x__fft_coefficient__coeff_63__attr_""abs""",real,1.7041432890058959e-50,True
"F_x__fft_coefficient__coeff_86__attr_""abs""","F_x__fft_coefficient__coeff_86__attr_""abs""",real,2.2350790999818213e-50,True
"F_x__fft_coefficient__coeff_70__attr_""abs""","F_x__fft_coefficient__coeff_70__attr_""abs""",real,4.520888185363438e-50,True
"F_x__fft_coefficient__coeff_52__attr_""abs""","F_x__fft_coefficient__coeff_52__attr_""abs""",real,4.762923190028911e-50,True
F_x__approximate_entropy__m_2__r_0.3,F_x__approximate_entropy__m_2__r_0.3,real,1.1682655717268718e-49,True
F_x__approximate_entropy__m_2__r_0.5,F_x__approximate_entropy__m_2__r_0.5,real,1.6407966495210697e-49,True
"F_x__fft_coefficient__coeff_77__attr_""abs""","F_x__fft_coefficient__coeff_77__attr_""abs""",real,1.9903624133612566e-49,True
"F_x__fft_coefficient__coeff_30__attr_""abs""","F_x__fft_coefficient__coeff_30__attr_""abs""",real,3.4082585716744914e-49,True
"F_x__fft_coefficient__coeff_66__attr_""abs""","F_x__fft_coefficient__coeff_66__attr_""abs""",real,4.0487208712278304e-49,True
"F_x__fft_coefficient__coeff_76__attr_""abs""","F_x__fft_coefficient__coeff_76__attr_""abs""",real,3.520737397253249e-48,True
"F_x__fft_coefficient__coeff_91__attr_""abs""","F_x__fft_coefficient__coeff_91__attr_""abs""",real,4.116428563295499e-48,True
"F_x__fft_coefficient__coeff_93__attr_""abs""","F_x__fft_coefficient__coeff_93__attr_""abs""",real,4.5875236398668373e-48,True
"F_x__fft_coefficient__coeff_68__attr_""abs""","F_x__fft_coefficient__coeff_68__attr_""abs""",real,1.6160699548156357e-47,True
"F_x__fft_coefficient__coeff_81__attr_""abs""","F_x__fft_coefficient__coeff_81__attr_""abs""",real,1.4179599088396793e-46,True
"F_x__fft_coefficient__coeff_85__attr_""abs""","F_x__fft_coefficient__coeff_85__attr_""abs""",real,4.093172812532609e-46,True
"F_x__fft_coefficient__coeff_56__attr_""abs""","F_x__fft_coefficient__coeff_56__attr_""abs""",real,6.919634282316738e-46,True
"F_x__fft_coefficient__coeff_78__attr_""abs""","F_x__fft_coefficient__coeff_78__attr_""abs""",real,3.760646924583389e-45,True
"F_x__fft_coefficient__coeff_92__attr_""abs""","F_x__fft_coefficient__coeff_92__attr_""abs""",real,1.9736156598503582e-44,True
"F_x__change_quantiles__f_agg_""var""__isabs_False__qh_1.0__ql_0.2","F_x__change_quantiles__f_agg_""var""__isabs_False__qh_1.0__ql_0.2",real,2.8441909991747603e-44,True
"F_x__change_quantiles__f_agg_""var""__isabs_True__qh_0.8__ql_0.0","F_x__change_quantiles__f_agg_""var""__isabs_True__qh_0.8__ql_0.0",real,2.444090905599979e-43,True
"F_x__fft_coefficient__coeff_94__attr_""abs""","F_x__fft_coefficient__coeff_94__attr_""abs""",real,1.294419177395502e-41,True
"F_x__fft_coefficient__coeff_75__attr_""abs""","F_x__fft_coefficient__coeff_75__attr_""abs""",real,1.3304104497570427e-41,True
"F_x__fft_coefficient__coeff_98__attr_""abs""","F_x__fft_coefficient__coeff_98__attr_""abs""",real,5.100748753331029e-41,True
F_x__approximate_entropy__m_2__r_0.7,F_x__approximate_entropy__m_2__r_0.7,real,8.445891900503862e-41,True
"F_x__fft_coefficient__coeff_99__attr_""abs""","F_x__fft_coefficient__coeff_99__attr_""abs""",real,3.118884988547817e-40,True
"F_x__fft_coefficient__coeff_88__attr_""abs""","F_x__fft_coefficient__coeff_88__attr_""abs""",real,6.963467088915003e-39,True
F_x__number_crossing_m__m_1,F_x__number_crossing_m__m_1,real,1.4907312610190008e-37,True
"F_x__fft_coefficient__coeff_72__attr_""abs""","F_x__fft_coefficient__coeff_72__attr_""abs""",real,4.199941155454416e-37,True
"F_x__fft_coefficient__coeff_87__attr_""abs""","F_x__fft_coefficient__coeff_87__attr_""abs""",real,6.309768074998157e-37,True
"F_x__fft_coefficient__coeff_95__attr_""abs""","F_x__fft_coefficient__coeff_95__attr_""abs""",real,7.968566966879335e-37,True
"F_x__fft_coefficient__coeff_80__attr_""abs""","F_x__fft_coefficient__coeff_80__attr_""abs""",real,2.847480736432153e-35,True
F_x__approximate_entropy__m_2__r_0.9,F_x__approximate_entropy__m_2__r_0.9,real,4.0908725820444096e-35,True
"F_x__change_quantiles__f_agg_""var""__isabs_False__qh_0.8__ql_0.0","F_x__change_quantiles__f_agg_""var""__isabs_False__qh_0.8__ql_0.0",real,4.653693691778989e-35,True
F_x__range_count__max_1__min_-1,F_x__range_count__max_1__min_-1,real,9.914592782155654e-35,True
"F_x__fft_coefficient__coeff_96__attr_""abs""","F_x__fft_coefficient__coeff_96__attr_""abs""",real,1.0769639417671512e-34,True
F_x__ar_coefficient__k_10__coeff_2,F_x__ar_coefficient__k_10__coeff_2,real,2.614104123899993e-34,True
F_x__autocorrelation__lag_1,F_x__autocorrelation__lag_1,real,2.1942879199209965e-33,True
F_x__partial_autocorrelation__lag_1,F_x__partial_autocorrelation__lag_1,real,2.1942879199209965e-33,True
F_x__cid_ce__normalize_True,F_x__cid_ce__normalize_True,real,3.1726288861231764e-33,True
F_x__cid_ce__normalize_False,F_x__cid_ce__normalize_False,real,1.0238852776787896e-32,True
"F_x__fft_coefficient__coeff_60__attr_""abs""","F_x__fft_coefficient__coeff_60__attr_""abs""",real,3.1897341337956885e-30,True
"F_x__fft_coefficient__coeff_90__attr_""abs""","F_x__fft_coefficient__coeff_90__attr_""abs""",real,2.2824693661792522e-29,True
"F_x__change_quantiles__f_agg_""var""__isabs_True__qh_1.0__ql_0.4","F_x__change_quantiles__f_agg_""var""__isabs_True__qh_1.0__ql_0.4",real,1.2575679498064596e-27,True
F_x__partial_autocorrelation__lag_4,F_x__partial_autocorrelation__lag_4,real,7.50765930539934e-27,True
"F_x__fft_coefficient__coeff_84__attr_""abs""","F_x__fft_coefficient__coeff_84__attr_""abs""",real,9.887912412780821e-27,True
F_x__autocorrelation__lag_2,F_x__autocorrelation__lag_2,real,1.2611132116204109e-25,True
"F_x__change_quantiles__f_agg_""var""__isabs_True__qh_0.8__ql_0.2","F_x__change_quantiles__f_agg_""var""__isabs_True__qh_0.8__ql_0.2",real,1.3089565737508125e-24,True
F_x__partial_autocorrelation__lag_2,F_x__partial_autocorrelation__lag_2,real,8.088712480542622e-23,True
"F_x__change_quantiles__f_agg_""var""__isabs_True__qh_0.2__ql_0.0","F_x__change_quantiles__f_agg_""var""__isabs_True__qh_0.2__ql_0.0",real,8.191304899153776e-23,True
F_x__number_crossing_m__m_0,F_x__number_crossing_m__m_0,real,4.853414628668937e-22,True
F_x__count_below__t_0,F_x__count_below__t_0,real,1.2594536431269628e-21,True
F_x__count_above__t_0,F_x__count_above__t_0,real,1.2594536431269628e-21,True
"F_x__change_quantiles__f_agg_""var""__isabs_False__qh_1.0__ql_0.4","F_x__change_quantiles__f_agg_""var""__isabs_False__qh_1.0__ql_0.4",real,2.8039994661749407e-21,True
"F_x__change_quantiles__f_agg_""var""__isabs_False__qh_0.8__ql_0.2","F_x__change_quantiles__f_agg_""var""__isabs_False__qh_0.8__ql_0.2",real,7.14147962567563e-20,True
"F_x__agg_linear_trend__f_agg_""var""__chunk_len_5__attr_""stderr""","F_x__agg_linear_trend__f_agg_""var""__chunk_len_5__attr_""stderr""",real,7.996692343686396e-19,True
"F_x__fft_aggregated__aggtype_""skew""","F_x__fft_aggregated__aggtype_""skew""",real,7.645160709250899e-18,True
"F_x__agg_linear_trend__f_agg_""var""__chunk_len_5__attr_""rvalue""","F_x__agg_linear_trend__f_agg_""var""__chunk_len_5__attr_""rvalue""",real,1.3560815314729242e-17,True
F_x__ar_coefficient__k_10__coeff_0,F_x__ar_coefficient__k_10__coeff_0,real,1.978748569383153e-17,True
F_x__autocorrelation__lag_3,F_x__autocorrelation__lag_3,real,2.1989952925565955e-17,True
"F_x__agg_linear_trend__f_agg_""var""__chunk_len_5__attr_""slope""","F_x__agg_linear_trend__f_agg_""var""__chunk_len_5__attr_""slope""",real,4.311799149243084e-17,True
"F_x__agg_linear_trend__f_agg_""var""__chunk_len_10__attr_""rvalue""","F_x__agg_linear_trend__f_agg_""var""__chunk_len_10__attr_""rvalue""",real,4.350819034683714e-17,True
"F_x__change_quantiles__f_agg_""var""__isabs_True__qh_0.6__ql_0.0","F_x__change_quantiles__f_agg_""var""__isabs_True__qh_0.6__ql_0.0",real,1.279099596165165e-16,True
"F_x__change_quantiles__f_agg_""mean""__isabs_True__qh_1.0__ql_0.0","F_x__change_quantiles__f_agg_""mean""__isabs_True__qh_1.0__ql_0.0",real,2.9316217349643197e-16,True
F_x__mean_abs_change,F_x__mean_abs_change,real,2.9316217349643197e-16,True
"F_x__change_quantiles__f_agg_""var""__isabs_False__qh_0.2__ql_0.0","F_x__change_quantiles__f_agg_""var""__isabs_False__qh_0.2__ql_0.0",real,6.327582453245522e-16,True
F_x__sample_entropy,F_x__sample_entropy,real,1.2090145894471807e-15,True
"F_x__agg_linear_trend__f_agg_""var""__chunk_len_10__attr_""slope""","F_x__agg_linear_trend__f_agg_""var""__chunk_len_10__attr_""slope""",real,6.207705576207621e-15,True
"F_x__change_quantiles__f_agg_""mean""__isabs_True__qh_0.8__ql_0.0","F_x__change_quantiles__f_agg_""mean""__isabs_True__qh_0.8__ql_0.0",real,2.903623413307326e-14,True
F_x__ar_coefficient__k_10__coeff_4,F_x__ar_coefficient__k_10__coeff_4,real,3.732938227710751e-14,True
"F_x__change_quantiles__f_agg_""mean""__isabs_True__qh_1.0__ql_0.2","F_x__change_quantiles__f_agg_""mean""__isabs_True__qh_1.0__ql_0.2",real,4.994151316855324e-13,True
F_x__large_standard_deviation__r_0.35000000000000003,F_x__large_standard_deviation__r_0.35000000000000003,binary,5.486724113316397e-13,True
"F_x__fft_coefficient__coeff_2__attr_""angle""","F_x__fft_coefficient__coeff_2__attr_""angle""",real,1.6068876998234009e-12,True
F_x__autocorrelation__lag_4,F_x__autocorrelation__lag_4,real,3.0992113469012534e-12,True
F_x__partial_autocorrelation__lag_8,F_x__partial_autocorrelation__lag_8,real,4.144637693390206e-11,True
"F_x__change_quantiles__f_agg_""var""__isabs_False__qh_0.6__ql_0.0","F_x__change_quantiles__f_agg_""var""__isabs_False__qh_0.6__ql_0.0",real,4.958891783402447e-11,True
"F_x__fft_coefficient__coeff_90__attr_""angle""","F_x__fft_coefficient__coeff_90__attr_""angle""",real,1.0140930799269213e-10,True
"F_x__agg_linear_trend__f_agg_""var""__chunk_len_10__attr_""stderr""","F_x__agg_linear_trend__f_agg_""var""__chunk_len_10__attr_""stderr""",real,1.298954197924382e-10,True
F_x__large_standard_deviation__r_0.4,F_x__large_standard_deviation__r_0.4,binary,1.5159198775017085e-10,True
"F_x__change_quantiles__f_agg_""mean""__isabs_True__qh_0.2__ql_0.0","F_x__change_quantiles__f_agg_""mean""__isabs_True__qh_0.2__ql_0.0",real,1.7330730363614725e-10,True
F_x__partial_autocorrelation__lag_9,F_x__partial_autocorrelation__lag_9,real,1.978494028985706e-10,True
"F_x__change_quantiles__f_agg_""mean""__isabs_True__qh_0.8__ql_0.2","F_x__change_quantiles__f_agg_""mean""__isabs_True__qh_0.8__ql_0.2",real,2.1755423067604956e-10,True
"F_x__change_quantiles__f_agg_""var""__isabs_True__qh_0.8__ql_0.4","F_x__change_quantiles__f_agg_""var""__isabs_True__qh_0.8__ql_0.4",real,5.896444624741847e-10,True
"F_x__fft_coefficient__coeff_2__attr_""imag""","F_x__fft_coefficient__coeff_2__attr_""imag""",real,5.928188312951699e-10,True
F_x__symmetry_looking__r_0.25,F_x__symmetry_looking__r_0.25,binary,7.061833255898777e-10,True
F_x__partial_autocorrelation__lag_7,F_x__partial_autocorrelation__lag_7,real,1.0105667555143282e-09,True
"F_x__change_quantiles__f_agg_""mean""__isabs_False__qh_0.8__ql_0.2","F_x__change_quantiles__f_agg_""mean""__isabs_False__qh_0.8__ql_0.2",real,1.1657034180127585e-09,True
"F_x__agg_linear_trend__f_agg_""min""__chunk_len_10__attr_""slope""","F_x__agg_linear_trend__f_agg_""min""__chunk_len_10__attr_""slope""",real,1.4676370330775949e-09,True
"F_x__change_quantiles__f_agg_""mean""__isabs_True__qh_1.0__ql_0.4","F_x__change_quantiles__f_agg_""mean""__isabs_True__qh_1.0__ql_0.4",real,1.5086319418748898e-09,True
"F_x__augmented_dickey_fuller__autolag_""AIC""__attr_""usedlag""","F_x__augmented_dickey_fuller__autolag_""AIC""__attr_""usedlag""",real,1.6067715179194794e-09,True
"F_x__change_quantiles__f_agg_""var""__isabs_True__qh_0.4__ql_0.0","F_x__change_quantiles__f_agg_""var""__isabs_True__qh_0.4__ql_0.0",real,2.780836635143113e-09,True
F_x__number_crossing_m__m_-1,F_x__number_crossing_m__m_-1,real,3.1598071590047183e-09,True
F_x__autocorrelation__lag_5,F_x__autocorrelation__lag_5,real,7.426677824383327e-09,True
F_x__binned_entropy__max_bins_10,F_x__binned_entropy__max_bins_10,real,8.201099342005716e-09,True
F_x__approximate_entropy__m_2__r_0.1,F_x__approximate_entropy__m_2__r_0.1,real,8.472735316396206e-09,True
"F_x__agg_linear_trend__f_agg_""min""__chunk_len_10__attr_""rvalue""","F_x__agg_linear_trend__f_agg_""min""__chunk_len_10__attr_""rvalue""",real,1.0889161419357346e-08,True
"F_x__fft_coefficient__coeff_73__attr_""angle""","F_x__fft_coefficient__coeff_73__attr_""angle""",real,3.934279771915072e-08,True
"F_x__agg_autocorrelation__f_agg_""var""__maxlag_40","F_x__agg_autocorrelation__f_agg_""var""__maxlag_40",real,4.740374448105356e-08,True
"F_x__agg_linear_trend__f_agg_""min""__chunk_len_50__attr_""intercept""","F_x__agg_linear_trend__f_agg_""min""__chunk_len_50__attr_""intercept""",real,6.10370262480289e-08,True
"F_x__change_quantiles__f_agg_""mean""__isabs_False__qh_0.6__ql_0.2","F_x__change_quantiles__f_agg_""mean""__isabs_False__qh_0.6__ql_0.2",real,6.716086239444583e-08,True
F_x__symmetry_looking__r_0.2,F_x__symmetry_looking__r_0.2,binary,7.254625047702623e-08,True
"F_x__agg_linear_trend__f_agg_""min""__chunk_len_5__attr_""rvalue""","F_x__agg_linear_trend__f_agg_""min""__chunk_len_5__attr_""rvalue""",real,1.5042150629018896e-07,True
"F_x__fft_coefficient__coeff_93__attr_""angle""","F_x__fft_coefficient__coeff_93__attr_""angle""",real,1.578457887900151e-07,True
"F_x__fft_coefficient__coeff_84__attr_""angle""","F_x__fft_coefficient__coeff_84__attr_""angle""",real,2.546755312315575e-07,True
"F_x__fft_coefficient__coeff_65__attr_""angle""","F_x__fft_coefficient__coeff_65__attr_""angle""",real,3.9703717108399504e-07,True
"F_x__change_quantiles__f_agg_""var""__isabs_False__qh_0.8__ql_0.4","F_x__change_quantiles__f_agg_""var""__isabs_False__qh_0.8__ql_0.4",real,4.22034262705796e-07,True
"F_x__fft_coefficient__coeff_89__attr_""angle""","F_x__fft_coefficient__coeff_89__attr_""angle""",real,4.7639487428321213e-07,True
"F_x__change_quantiles__f_agg_""var""__isabs_True__qh_1.0__ql_0.6","F_x__change_quantiles__f_agg_""var""__isabs_True__qh_1.0__ql_0.6",real,5.357151153208811e-07,True
F_x__ratio_beyond_r_sigma__r_0.5,F_x__ratio_beyond_r_sigma__r_0.5,real,6.868251007124313e-07,True
"F_x__fft_coefficient__coeff_3__attr_""angle""","F_x__fft_coefficient__coeff_3__attr_""angle""",real,7.682413725288548e-07,True
F_x__symmetry_looking__r_0.30000000000000004,F_x__symmetry_looking__r_0.30000000000000004,binary,7.796248498655495e-07,True
"F_x__fft_coefficient__coeff_62__attr_""angle""","F_x__fft_coefficient__coeff_62__attr_""angle""",real,8.163244221254274e-07,True
F_x__autocorrelation__lag_6,F_x__autocorrelation__lag_6,real,1.0183031344600456e-06,True
"F_x__fft_coefficient__coeff_67__attr_""angle""","F_x__fft_coefficient__coeff_67__attr_""angle""",real,1.0930015000555636e-06,True
"F_x__change_quantiles__f_agg_""mean""__isabs_False__qh_0.8__ql_0.4","F_x__change_quantiles__f_agg_""mean""__isabs_False__qh_0.8__ql_0.4",real,1.2372511743895728e-06,True
"F_x__agg_linear_trend__f_agg_""var""__chunk_len_5__attr_""intercept""","F_x__agg_linear_trend__f_agg_""var""__chunk_len_5__attr_""intercept""",real,1.3160780005254963e-06,True
"F_x__agg_linear_trend__f_agg_""min""__chunk_len_5__attr_""slope""","F_x__agg_linear_trend__f_agg_""min""__chunk_len_5__attr_""slope""",real,1.4480374567085973e-06,True
"F_x__fft_coefficient__coeff_87__attr_""angle""","F_x__fft_coefficient__coeff_87__attr_""angle""",real,1.87784059270695e-06,True
"F_x__change_quantiles__f_agg_""var""__isabs_True__qh_0.6__ql_0.2","F_x__change_quantiles__f_agg_""var""__isabs_True__qh_0.6__ql_0.2",real,2.170629522174658e-06,True
"F_x__fft_coefficient__coeff_64__attr_""angle""","F_x__fft_coefficient__coeff_64__attr_""angle""",real,2.6144363767144585e-06,True
"F_x__fft_coefficient__coeff_5__attr_""angle""","F_x__fft_coefficient__coeff_5__attr_""angle""",real,3.354692747788382e-06,True
F_x__last_location_of_minimum,F_x__last_location_of_minimum,real,3.932288106609505e-06,True
"F_x__fft_coefficient__coeff_54__attr_""angle""","F_x__fft_coefficient__coeff_54__attr_""angle""",real,4.304601207515815e-06,True
F_x__first_location_of_minimum,F_x__first_location_of_minimum,real,4.461603574714211e-06,True
"F_x__fft_coefficient__coeff_83__attr_""real""","F_x__fft_coefficient__coeff_83__attr_""real""",real,4.667852305701994e-06,True
"F_x__agg_linear_trend__f_agg_""min""__chunk_len_50__attr_""slope""","F_x__agg_linear_trend__f_agg_""min""__chunk_len_50__attr_""slope""",real,6.973859738731064e-06,True
"F_x__change_quantiles__f_agg_""mean""__isabs_False__qh_1.0__ql_0.2","F_x__change_quantiles__f_agg_""mean""__isabs_False__qh_1.0__ql_0.2",real,7.640142186051061e-06,True
"F_x__fft_coefficient__coeff_76__attr_""angle""","F_x__fft_coefficient__coeff_76__attr_""angle""",real,7.71227229142259e-06,True
"F_x__agg_linear_trend__f_agg_""min""__chunk_len_50__attr_""rvalue""","F_x__agg_linear_trend__f_agg_""min""__chunk_len_50__attr_""rvalue""",real,8.07505753809222e-06,True
"F_x__fft_coefficient__coeff_86__attr_""angle""","F_x__fft_coefficient__coeff_86__attr_""angle""",real,1.0801248806791524e-05,True
"F_x__fft_coefficient__coeff_13__attr_""angle""","F_x__fft_coefficient__coeff_13__attr_""angle""",real,1.1224891079936126e-05,True
"F_x__fft_coefficient__coeff_88__attr_""angle""","F_x__fft_coefficient__coeff_88__attr_""angle""",real,1.1812433459740958e-05,True
"F_x__fft_coefficient__coeff_38__attr_""angle""","F_x__fft_coefficient__coeff_38__attr_""angle""",real,1.3559046045223705e-05,True
F_x__symmetry_looking__r_0.35000000000000003,F_x__symmetry_looking__r_0.35000000000000003,binary,1.3963270710846338e-05,True
"F_x__fft_coefficient__coeff_1__attr_""angle""","F_x__fft_coefficient__coeff_1__attr_""angle""",real,1.3983812222902876e-05,True
"F_x__fft_coefficient__coeff_80__attr_""angle""","F_x__fft_coefficient__coeff_80__attr_""angle""",real,1.4736538929272156e-05,True
"F_x__change_quantiles__f_agg_""mean""__isabs_False__qh_0.4__ql_0.2","F_x__change_quantiles__f_agg_""mean""__isabs_False__qh_0.4__ql_0.2",real,1.5160045694285069e-05,True
"F_x__fft_coefficient__coeff_94__attr_""angle""","F_x__fft_coefficient__coeff_94__attr_""angle""",real,2.4942314129560525e-05,True
"F_x__fft_coefficient__coeff_52__attr_""angle""","F_x__fft_coefficient__coeff_52__attr_""angle""",real,2.773440953489112e-05,True
F_x__autocorrelation__lag_7,F_x__autocorrelation__lag_7,real,2.7851000635182206e-05,True
"F_x__change_quantiles__f_agg_""mean""__isabs_False__qh_0.4__ql_0.0","F_x__change_quantiles__f_agg_""mean""__isabs_False__qh_0.4__ql_0.0",real,2.972571758105841e-05,True
"F_x__fft_coefficient__coeff_85__attr_""real""","F_x__fft_coefficient__coeff_85__attr_""real""",real,3.00448243986978e-05,True
"F_x__change_quantiles__f_agg_""var""__isabs_False__qh_0.4__ql_0.0","F_x__change_quantiles__f_agg_""var""__isabs_False__qh_0.4__ql_0.0",real,3.4375992535152525e-05,True
"F_x__change_quantiles__f_agg_""mean""__isabs_True__qh_0.6__ql_0.0","F_x__change_quantiles__f_agg_""mean""__isabs_True__qh_0.6__ql_0.0",real,3.84230492914954e-05,True
"F_x__fft_coefficient__coeff_49__attr_""real""","F_x__fft_coefficient__coeff_49__attr_""real""",real,4.115438454439961e-05,True
"F_x__change_quantiles__f_agg_""var""__isabs_False__qh_1.0__ql_0.6","F_x__change_quantiles__f_agg_""var""__isabs_False__qh_1.0__ql_0.6",real,4.2297685389652393e-05,True
"F_x__fft_coefficient__coeff_46__attr_""angle""","F_x__fft_coefficient__coeff_46__attr_""angle""",real,4.508369385971432e-05,True
"F_x__change_quantiles__f_agg_""var""__isabs_True__qh_0.8__ql_0.6","F_x__change_quantiles__f_agg_""var""__isabs_True__qh_0.8__ql_0.6",real,4.633021750787417e-05,True
"F_x__change_quantiles__f_agg_""mean""__isabs_False__qh_0.6__ql_0.4","F_x__change_quantiles__f_agg_""mean""__isabs_False__qh_0.6__ql_0.4",real,4.91440476966862e-05,True
"F_x__fft_coefficient__coeff_75__attr_""angle""","F_x__fft_coefficient__coeff_75__attr_""angle""",real,5.718610164711753e-05,True
"F_x__fft_coefficient__coeff_86__attr_""real""","F_x__fft_coefficient__coeff_86__attr_""real""",real,5.746925292983973e-05,True
"F_x__fft_coefficient__coeff_48__attr_""angle""","F_x__fft_coefficient__coeff_48__attr_""angle""",real,6.305455665079941e-05,True
"F_x__fft_coefficient__coeff_72__attr_""angle""","F_x__fft_coefficient__coeff_72__attr_""angle""",real,6.558117299884859e-05,True
F_x__time_reversal_asymmetry_statistic__lag_3,F_x__time_reversal_asymmetry_statistic__lag_3,real,6.616875231222198e-05,True
F_x__symmetry_looking__r_0.15000000000000002,F_x__symmetry_looking__r_0.15000000000000002,binary,6.712604625116022e-05,True
"F_x__change_quantiles__f_agg_""mean""__isabs_False__qh_1.0__ql_0.4","F_x__change_quantiles__f_agg_""mean""__isabs_False__qh_1.0__ql_0.4",real,6.986158924325381e-05,True
"F_x__fft_coefficient__coeff_52__attr_""real""","F_x__fft_coefficient__coeff_52__attr_""real""",real,7.270988254465675e-05,True
"F_x__fft_coefficient__coeff_10__attr_""angle""","F_x__fft_coefficient__coeff_10__attr_""angle""",real,7.493440725829067e-05,True
"F_x__fft_coefficient__coeff_35__attr_""angle""","F_x__fft_coefficient__coeff_35__attr_""angle""",real,9.519495767299055e-05,True
"F_x__change_quantiles__f_agg_""mean""__isabs_True__qh_0.8__ql_0.4","F_x__change_quantiles__f_agg_""mean""__isabs_True__qh_0.8__ql_0.4",real,9.6619395352578e-05,True
F_x__large_standard_deviation__r_0.30000000000000004,F_x__large_standard_deviation__r_0.30000000000000004,binary,0.0001078717222030486,True
"F_x__fft_coefficient__coeff_29__attr_""angle""","F_x__fft_coefficient__coeff_29__attr_""angle""",real,0.0001173704294938008,True
F_x__partial_autocorrelation__lag_5,F_x__partial_autocorrelation__lag_5,real,0.00012044937040970513,True
"F_x__fft_coefficient__coeff_57__attr_""angle""","F_x__fft_coefficient__coeff_57__attr_""angle""",real,0.00012920277296268767,True
F_x__absolute_sum_of_changes,F_x__absolute_sum_of_changes,real,0.00014509578402054516,True
"F_x__fft_coefficient__coeff_1__attr_""imag""","F_x__fft_coefficient__coeff_1__attr_""imag""",real,0.00014584043163753043,True
"F_x__fft_coefficient__coeff_79__attr_""angle""","F_x__fft_coefficient__coeff_79__attr_""angle""",real,0.00014917201042649104,True
"F_x__agg_linear_trend__f_agg_""var""__chunk_len_10__attr_""intercept""","F_x__agg_linear_trend__f_agg_""var""__chunk_len_10__attr_""intercept""",real,0.0001573173651048951,True
"F_x__fft_coefficient__coeff_3__attr_""imag""","F_x__fft_coefficient__coeff_3__attr_""imag""",real,0.00016964042246073483,True
"F_x__fft_coefficient__coeff_41__attr_""angle""","F_x__fft_coefficient__coeff_41__attr_""angle""",real,0.0001892814299682288,True
"F_x__fft_coefficient__coeff_25__attr_""angle""","F_x__fft_coefficient__coeff_25__attr_""angle""",real,0.00019607085301058267,True
"F_x__fft_coefficient__coeff_68__attr_""angle""","F_x__fft_coefficient__coeff_68__attr_""angle""",real,0.00020462272692182808,True
"F_x__fft_coefficient__coeff_4__attr_""angle""","F_x__fft_coefficient__coeff_4__attr_""angle""",real,0.00021316841136399684,True
"F_x__agg_linear_trend__f_agg_""min""__chunk_len_10__attr_""intercept""","F_x__agg_linear_trend__f_agg_""min""__chunk_len_10__attr_""intercept""",real,0.0002178378016385841,True
"F_x__fft_coefficient__coeff_37__attr_""angle""","F_x__fft_coefficient__coeff_37__attr_""angle""",real,0.0002205751896142152,True
"F_x__fft_coefficient__coeff_69__attr_""angle""","F_x__fft_coefficient__coeff_69__attr_""angle""",real,0.00022727715770156186,True
"F_x__fft_coefficient__coeff_36__attr_""angle""","F_x__fft_coefficient__coeff_36__attr_""angle""",real,0.00022898238000193448,True
"F_x__fft_coefficient__coeff_63__attr_""angle""","F_x__fft_coefficient__coeff_63__attr_""angle""",real,0.00025901585419358097,True
"F_x__change_quantiles__f_agg_""mean""__isabs_False__qh_0.2__ql_0.0","F_x__change_quantiles__f_agg_""mean""__isabs_False__qh_0.2__ql_0.0",real,0.00027730973474490185,True
F_x__mean_second_derivative_central,F_x__mean_second_derivative_central,real,0.00029032919245276697,True
F_x__autocorrelation__lag_8,F_x__autocorrelation__lag_8,real,0.0003029294151010987,True
"F_x__fft_coefficient__coeff_14__attr_""angle""","F_x__fft_coefficient__coeff_14__attr_""angle""",real,0.00031991992456128885,True
"F_x__fft_coefficient__coeff_99__attr_""angle""","F_x__fft_coefficient__coeff_99__attr_""angle""",real,0.0003361571077082214,True
"F_x__fft_coefficient__coeff_81__attr_""angle""","F_x__fft_coefficient__coeff_81__attr_""angle""",real,0.0003547420551093073,True
"F_x__fft_coefficient__coeff_91__attr_""real""","F_x__fft_coefficient__coeff_91__attr_""real""",real,0.0003871330844075738,True
"F_x__change_quantiles__f_agg_""var""__isabs_False__qh_0.6__ql_0.2","F_x__change_quantiles__f_agg_""var""__isabs_False__qh_0.6__ql_0.2",real,0.00038775954121217187,True
"F_x__fft_coefficient__coeff_11__attr_""angle""","F_x__fft_coefficient__coeff_11__attr_""angle""",real,0.00038963201867579637,True
"F_x__fft_coefficient__coeff_51__attr_""angle""","F_x__fft_coefficient__coeff_51__attr_""angle""",real,0.0004172496369417386,True
"F_x__fft_coefficient__coeff_78__attr_""angle""","F_x__fft_coefficient__coeff_78__attr_""angle""",real,0.000440507077832117,True
"F_x__fft_coefficient__coeff_50__attr_""angle""","F_x__fft_coefficient__coeff_50__attr_""angle""",real,0.00044208955282871743,True
"F_x__fft_coefficient__coeff_55__attr_""angle""","F_x__fft_coefficient__coeff_55__attr_""angle""",real,0.00044349941030094153,True
F_x__time_reversal_asymmetry_statistic__lag_2,F_x__time_reversal_asymmetry_statistic__lag_2,real,0.0004733431281251196,True
"F_x__change_quantiles__f_agg_""var""__isabs_True__qh_0.6__ql_0.4","F_x__change_quantiles__f_agg_""var""__isabs_True__qh_0.6__ql_0.4",real,0.0004824260269326025,True
F_x__large_standard_deviation__r_0.45,F_x__large_standard_deviation__r_0.45,binary,0.0005465864689691849,True
"F_x__fft_coefficient__coeff_66__attr_""real""","F_x__fft_coefficient__coeff_66__attr_""real""",real,0.0005515680528849728,True
"F_x__fft_coefficient__coeff_95__attr_""angle""","F_x__fft_coefficient__coeff_95__attr_""angle""",real,0.0005673420943298355,True
"F_x__fft_coefficient__coeff_70__attr_""angle""","F_x__fft_coefficient__coeff_70__attr_""angle""",real,0.0005969082824120664,True
"F_x__fft_coefficient__coeff_60__attr_""angle""","F_x__fft_coefficient__coeff_60__attr_""angle""",real,0.0005985401543452531,True
"F_x__fft_coefficient__coeff_61__attr_""real""","F_x__fft_coefficient__coeff_61__attr_""real""",real,0.0006172449832288397,True
"F_x__fft_coefficient__coeff_27__attr_""angle""","F_x__fft_coefficient__coeff_27__attr_""angle""",real,0.0006201335976073864,True
"F_x__fft_coefficient__coeff_96__attr_""angle""","F_x__fft_coefficient__coeff_96__attr_""angle""",real,0.0007609822028130992,True
"F_x__fft_coefficient__coeff_91__attr_""angle""","F_x__fft_coefficient__coeff_91__attr_""angle""",real,0.0007780806584310771,True
"F_x__agg_linear_trend__f_agg_""mean""__chunk_len_50__attr_""rvalue""","F_x__agg_linear_trend__f_agg_""mean""__chunk_len_50__attr_""rvalue""",real,0.0008978751146496612,True
F_x__quantile__q_0.1,F_x__quantile__q_0.1,real,0.0009409858734169541,True
"F_x__fft_coefficient__coeff_5__attr_""imag""","F_x__fft_coefficient__coeff_5__attr_""imag""",real,0.0010009507800350936,True
"F_x__fft_coefficient__coeff_74__attr_""angle""","F_x__fft_coefficient__coeff_74__attr_""angle""",real,0.0010804749776630244,True
"F_x__fft_coefficient__coeff_59__attr_""angle""","F_x__fft_coefficient__coeff_59__attr_""angle""",real,0.00108087999969481,True
"F_x__fft_coefficient__coeff_82__attr_""angle""","F_x__fft_coefficient__coeff_82__attr_""angle""",real,0.0011303635935089136,True
"F_x__fft_coefficient__coeff_77__attr_""angle""","F_x__fft_coefficient__coeff_77__attr_""angle""",real,0.001139660226154679,True
F_x__spkt_welch_density__coeff_8,F_x__spkt_welch_density__coeff_8,real,0.0012902429192598434,True
"F_x__fft_coefficient__coeff_9__attr_""angle""","F_x__fft_coefficient__coeff_9__attr_""angle""",real,0.0013007474974298194,True
"F_x__fft_coefficient__coeff_44__attr_""angle""","F_x__fft_coefficient__coeff_44__attr_""angle""",real,0.0013684607127407982,True
"F_x__linear_trend__attr_""rvalue""","F_x__linear_trend__attr_""rvalue""",real,0.0014299690955563889,True
"F_x__fft_coefficient__coeff_34__attr_""angle""","F_x__fft_coefficient__coeff_34__attr_""angle""",real,0.0014341589282441877,True
"F_x__fft_coefficient__coeff_6__attr_""angle""","F_x__fft_coefficient__coeff_6__attr_""angle""",real,0.0014842443653941273,True
"F_x__change_quantiles__f_agg_""mean""__isabs_True__qh_1.0__ql_0.6","F_x__change_quantiles__f_agg_""mean""__isabs_True__qh_1.0__ql_0.6",real,0.0015493983528639213,True
"F_x__fft_coefficient__coeff_46__attr_""real""","F_x__fft_coefficient__coeff_46__attr_""real""",real,0.0016646698029131298,True
"F_x__fft_coefficient__coeff_90__attr_""imag""","F_x__fft_coefficient__coeff_90__attr_""imag""",real,0.0017258347647081784,True
"F_x__agg_linear_trend__f_agg_""min""__chunk_len_5__attr_""intercept""","F_x__agg_linear_trend__f_agg_""min""__chunk_len_5__attr_""intercept""",real,0.0017955092000710117,True
F_x__autocorrelation__lag_9,F_x__autocorrelation__lag_9,real,0.0019069151374364263,True
F_x__ar_coefficient__k_10__coeff_3,F_x__ar_coefficient__k_10__coeff_3,real,0.001955180495827679,True
"F_x__fft_coefficient__coeff_96__attr_""real""","F_x__fft_coefficient__coeff_96__attr_""real""",real,0.0021596502973242424,True
"F_x__fft_coefficient__coeff_43__attr_""real""","F_x__fft_coefficient__coeff_43__attr_""real""",real,0.0023371777039062447,True
"F_x__fft_coefficient__coeff_15__attr_""angle""","F_x__fft_coefficient__coeff_15__attr_""angle""",real,0.0023371777039062447,True
"F_x__fft_coefficient__coeff_58__attr_""angle""","F_x__fft_coefficient__coeff_58__attr_""angle""",real,0.0023652598606003,True
"F_x__agg_linear_trend__f_agg_""mean""__chunk_len_5__attr_""rvalue""","F_x__agg_linear_trend__f_agg_""mean""__chunk_len_5__attr_""rvalue""",real,0.0025033543218181305,True
"F_x__change_quantiles__f_agg_""var""__isabs_False__qh_0.8__ql_0.6","F_x__change_quantiles__f_agg_""var""__isabs_False__qh_0.8__ql_0.6",real,0.0025138713444912675,True
"F_x__fft_coefficient__coeff_83__attr_""angle""","F_x__fft_coefficient__coeff_83__attr_""angle""",real,0.002671901062656682,True
F_x__mean,F_x__mean,real,0.0027538066154351158,True
"F_x__agg_linear_trend__f_agg_""mean""__chunk_len_10__attr_""rvalue""","F_x__agg_linear_trend__f_agg_""mean""__chunk_len_10__attr_""rvalue""",real,0.0027652813088179136,True
"F_x__fft_coefficient__coeff_32__attr_""angle""","F_x__fft_coefficient__coeff_32__attr_""angle""",real,0.0029184793628928593,True
"F_x__fft_coefficient__coeff_41__attr_""real""","F_x__fft_coefficient__coeff_41__attr_""real""",real,0.0032639127440499457,False
"F_x__fft_coefficient__coeff_19__attr_""angle""","F_x__fft_coefficient__coeff_19__attr_""angle""",real,0.003456110822628572,False
"F_x__fft_aggregated__aggtype_""kurtosis""","F_x__fft_aggregated__aggtype_""kurtosis""",real,0.0035608456828774148,False
"F_x__fft_coefficient__coeff_8__attr_""angle""","F_x__fft_coefficient__coeff_8__attr_""angle""",real,0.0037334320751647443,False
"F_x__fft_coefficient__coeff_94__attr_""imag""","F_x__fft_coefficient__coeff_94__attr_""imag""",real,0.0037485456976980155,False
"F_x__fft_coefficient__coeff_97__attr_""angle""","F_x__fft_coefficient__coeff_97__attr_""angle""",real,0.0038405710502821405,False
F_x__median,F_x__median,real,0.0038769380317369047,False
"F_x__agg_linear_trend__f_agg_""mean""__chunk_len_5__attr_""slope""","F_x__agg_linear_trend__f_agg_""mean""__chunk_len_5__attr_""slope""",real,0.0038952242843220118,False
"F_x__linear_trend__attr_""slope""","F_x__linear_trend__attr_""slope""",real,0.003903085204948785,False
F_x__c3__lag_3,F_x__c3__lag_3,real,0.003929392452119642,False
"F_x__agg_linear_trend__f_agg_""mean""__chunk_len_10__attr_""slope""","F_x__agg_linear_trend__f_agg_""mean""__chunk_len_10__attr_""slope""",real,0.003971819153391847,False
F_x__symmetry_looking__r_0.4,F_x__symmetry_looking__r_0.4,binary,0.003981725820946162,False
"F_x__fft_coefficient__coeff_40__attr_""angle""","F_x__fft_coefficient__coeff_40__attr_""angle""",real,0.004511400895083807,False
"F_x__fft_coefficient__coeff_79__attr_""real""","F_x__fft_coefficient__coeff_79__attr_""real""",real,0.004582177195471802,False
F_x__quantile__q_0.2,F_x__quantile__q_0.2,real,0.004678647652194826,False
"F_x__fft_coefficient__coeff_26__attr_""angle""","F_x__fft_coefficient__coeff_26__attr_""angle""",real,0.004938433567943332,False
"F_x__fft_coefficient__coeff_71__attr_""angle""","F_x__fft_coefficient__coeff_71__attr_""angle""",real,0.004961199588043344,False
"F_x__fft_coefficient__coeff_97__attr_""real""","F_x__fft_coefficient__coeff_97__attr_""real""",real,0.0051771841598060595,False
F_x__c3__lag_2,F_x__c3__lag_2,real,0.00519758225668551,False
"F_x__fft_coefficient__coeff_71__attr_""real""","F_x__fft_coefficient__coeff_71__attr_""real""",real,0.005380611868951978,False
F_x__time_reversal_asymmetry_statistic__lag_1,F_x__time_reversal_asymmetry_statistic__lag_1,real,0.0053946637051016716,False
"F_x__fft_coefficient__coeff_16__attr_""angle""","F_x__fft_coefficient__coeff_16__attr_""angle""",real,0.005623969504732086,False
"F_x__fft_coefficient__coeff_4__attr_""imag""","F_x__fft_coefficient__coeff_4__attr_""imag""",real,0.005678969228961706,False
"F_x__fft_coefficient__coeff_39__attr_""angle""","F_x__fft_coefficient__coeff_39__attr_""angle""",real,0.0059536222897922705,False
"F_x__fft_coefficient__coeff_49__attr_""imag""","F_x__fft_coefficient__coeff_49__attr_""imag""",real,0.006746921808963028,False
"F_x__fft_coefficient__coeff_66__attr_""angle""","F_x__fft_coefficient__coeff_66__attr_""angle""",real,0.006842138040649634,False
"F_x__fft_coefficient__coeff_94__attr_""real""","F_x__fft_coefficient__coeff_94__attr_""real""",real,0.007063002843415578,False
"F_x__change_quantiles__f_agg_""var""__isabs_True__qh_1.0__ql_0.8","F_x__change_quantiles__f_agg_""var""__isabs_True__qh_1.0__ql_0.8",real,0.007098982166665598,False
"F_x__fft_coefficient__coeff_74__attr_""real""","F_x__fft_coefficient__coeff_74__attr_""real""",real,0.0071124939547683634,False
"F_x__fft_coefficient__coeff_45__attr_""real""","F_x__fft_coefficient__coeff_45__attr_""real""",real,0.007481594308928362,False
F_x__c3__lag_1,F_x__c3__lag_1,real,0.00766768153534357,False
"F_x__fft_coefficient__coeff_31__attr_""angle""","F_x__fft_coefficient__coeff_31__attr_""angle""",real,0.007784248430081521,False
"F_x__fft_coefficient__coeff_81__attr_""real""","F_x__fft_coefficient__coeff_81__attr_""real""",real,0.007786679255996897,False
"F_x__fft_coefficient__coeff_42__attr_""angle""","F_x__fft_coefficient__coeff_42__attr_""angle""",real,0.007872712929369087,False
"F_x__fft_coefficient__coeff_87__attr_""real""","F_x__fft_coefficient__coeff_87__attr_""real""",real,0.007934660703997275,False
F_x__symmetry_looking__r_0.1,F_x__symmetry_looking__r_0.1,binary,0.008105647769447461,False
"F_x__fft_coefficient__coeff_54__attr_""imag""","F_x__fft_coefficient__coeff_54__attr_""imag""",real,0.008238216226361311,False
F_x__quantile__q_0.4,F_x__quantile__q_0.4,real,0.008318301334326948,False
"F_x__agg_linear_trend__f_agg_""mean""__chunk_len_50__attr_""intercept""","F_x__agg_linear_trend__f_agg_""mean""__chunk_len_50__attr_""intercept""",real,0.008417419668252223,False
"F_x__fft_coefficient__coeff_98__attr_""real""","F_x__fft_coefficient__coeff_98__attr_""real""",real,0.008780817427005984,False
"F_x__fft_coefficient__coeff_76__attr_""real""","F_x__fft_coefficient__coeff_76__attr_""real""",real,0.00910468285713294,False
"F_x__change_quantiles__f_agg_""mean""__isabs_False__qh_0.6__ql_0.0","F_x__change_quantiles__f_agg_""mean""__isabs_False__qh_0.6__ql_0.0",real,0.009135686085824744,False
"F_x__change_quantiles__f_agg_""mean""__isabs_False__qh_1.0__ql_0.6","F_x__change_quantiles__f_agg_""mean""__isabs_False__qh_1.0__ql_0.6",real,0.009249160996418114,False
"F_x__fft_coefficient__coeff_7__attr_""angle""","F_x__fft_coefficient__coeff_7__attr_""angle""",real,0.009567729588637863,False
"F_x__cwt_coefficients__widths_(2, 5, 10, 20)__coeff_0__w_10","F_x__cwt_coefficients__widths_(2, 5, 10, 20)__coeff_0__w_10",real,0.00970978132859339,False
"F_x__agg_linear_trend__f_agg_""mean""__chunk_len_10__attr_""intercept""","F_x__agg_linear_trend__f_agg_""mean""__chunk_len_10__attr_""intercept""",real,0.009889987779464031,False
"F_x__change_quantiles__f_agg_""mean""__isabs_True__qh_0.8__ql_0.6","F_x__change_quantiles__f_agg_""mean""__isabs_True__qh_0.8__ql_0.6",real,0.009914239084518963,False
"F_x__linear_trend__attr_""pvalue""","F_x__linear_trend__attr_""pvalue""",real,0.00992638459227892,False
"F_x__change_quantiles__f_agg_""mean""__isabs_True__qh_0.4__ql_0.0","F_x__change_quantiles__f_agg_""mean""__isabs_True__qh_0.4__ql_0.0",real,0.010122523523590197,False
"F_x__agg_linear_trend__f_agg_""mean""__chunk_len_5__attr_""intercept""","F_x__agg_linear_trend__f_agg_""mean""__chunk_len_5__attr_""intercept""",real,0.010234361640126876,False
"F_x__linear_trend__attr_""intercept""","F_x__linear_trend__attr_""intercept""",real,0.010265622361625454,False
"F_x__fft_aggregated__aggtype_""centroid""","F_x__fft_aggregated__aggtype_""centroid""",real,0.010442258084407637,False
"F_x__fft_coefficient__coeff_33__attr_""angle""","F_x__fft_coefficient__coeff_33__attr_""angle""",real,0.011162644472793838,False
"F_x__fft_coefficient__coeff_47__attr_""imag""","F_x__fft_coefficient__coeff_47__attr_""imag""",real,0.011264224215937908,False
"F_x__fft_coefficient__coeff_53__attr_""real""","F_x__fft_coefficient__coeff_53__attr_""real""",real,0.011668271667477388,False
"F_x__fft_coefficient__coeff_43__attr_""angle""","F_x__fft_coefficient__coeff_43__attr_""angle""",real,0.012020147217068308,False
F_x__quantile__q_0.6,F_x__quantile__q_0.6,real,0.012481573986725279,False
F_x__partial_autocorrelation__lag_6,F_x__partial_autocorrelation__lag_6,real,0.012943229398875569,False
"F_x__fft_coefficient__coeff_45__attr_""imag""","F_x__fft_coefficient__coeff_45__attr_""imag""",real,0.013435815242837854,False
"F_x__fft_coefficient__coeff_21__attr_""imag""","F_x__fft_coefficient__coeff_21__attr_""imag""",real,0.013539497889648923,False
"F_x__fft_coefficient__coeff_84__attr_""imag""","F_x__fft_coefficient__coeff_84__attr_""imag""",real,0.013655955261900736,False
"F_x__fft_coefficient__coeff_17__attr_""angle""","F_x__fft_coefficient__coeff_17__attr_""angle""",real,0.014693072237878798,False
"F_x__agg_linear_trend__f_agg_""max""__chunk_len_50__attr_""intercept""","F_x__agg_linear_trend__f_agg_""max""__chunk_len_50__attr_""intercept""",real,0.014935660968130452,False
"F_x__fft_coefficient__coeff_8__attr_""imag""","F_x__fft_coefficient__coeff_8__attr_""imag""",real,0.015128734906681388,False
"F_x__fft_coefficient__coeff_80__attr_""real""","F_x__fft_coefficient__coeff_80__attr_""real""",real,0.015346308883274337,False
"F_x__fft_coefficient__coeff_69__attr_""real""","F_x__fft_coefficient__coeff_69__attr_""real""",real,0.015913951853164226,False
"F_x__augmented_dickey_fuller__autolag_""AIC""__attr_""pvalue""","F_x__augmented_dickey_fuller__autolag_""AIC""__attr_""pvalue""",real,0.019021464899470583,False
"F_x__augmented_dickey_fuller__autolag_""AIC""__attr_""teststat""","F_x__augmented_dickey_fuller__autolag_""AIC""__attr_""teststat""",real,0.019021492979304173,False
"F_x__fft_coefficient__coeff_51__attr_""real""","F_x__fft_coefficient__coeff_51__attr_""real""",real,0.020042748672702594,False
"F_x__fft_coefficient__coeff_22__attr_""imag""","F_x__fft_coefficient__coeff_22__attr_""imag""",real,0.020161646492499526,False
"F_x__change_quantiles__f_agg_""var""__isabs_False__qh_0.6__ql_0.4","F_x__change_quantiles__f_agg_""var""__isabs_False__qh_0.6__ql_0.4",real,0.021420755466749316,False
"F_x__change_quantiles__f_agg_""var""__isabs_False__qh_1.0__ql_0.8","F_x__change_quantiles__f_agg_""var""__isabs_False__qh_1.0__ql_0.8",real,0.0217702976587442,False
F_x__quantile__q_0.3,F_x__quantile__q_0.3,real,0.021782438862534125,False
"F_x__fft_coefficient__coeff_47__attr_""real""","F_x__fft_coefficient__coeff_47__attr_""real""",real,0.022100185107541213,False
"F_x__change_quantiles__f_agg_""mean""__isabs_True__qh_0.6__ql_0.2","F_x__change_quantiles__f_agg_""mean""__isabs_True__qh_0.6__ql_0.2",real,0.023269967718123882,False
F_x__longest_strike_below_mean,F_x__longest_strike_below_mean,real,0.02347598016964734,False
"F_x__agg_linear_trend__f_agg_""max""__chunk_len_50__attr_""stderr""","F_x__agg_linear_trend__f_agg_""max""__chunk_len_50__attr_""stderr""",real,0.023723931097624752,False
"F_x__fft_coefficient__coeff_99__attr_""real""","F_x__fft_coefficient__coeff_99__attr_""real""",real,0.025352929835035426,False
"F_x__fft_coefficient__coeff_47__attr_""angle""","F_x__fft_coefficient__coeff_47__attr_""angle""",real,0.02536690427893022,False
"F_x__cwt_coefficients__widths_(2, 5, 10, 20)__coeff_11__w_2","F_x__cwt_coefficients__widths_(2, 5, 10, 20)__coeff_11__w_2",real,0.025533705009387054,False
"F_x__agg_linear_trend__f_agg_""max""__chunk_len_5__attr_""intercept""","F_x__agg_linear_trend__f_agg_""max""__chunk_len_5__attr_""intercept""",real,0.02608237720160055,False
"F_x__fft_coefficient__coeff_89__attr_""imag""","F_x__fft_coefficient__coeff_89__attr_""imag""",real,0.02637481173460004,False
"F_x__change_quantiles__f_agg_""mean""__isabs_False__qh_0.8__ql_0.0","F_x__change_quantiles__f_agg_""mean""__isabs_False__qh_0.8__ql_0.0",real,0.026699108321034306,False
"F_x__fft_coefficient__coeff_56__attr_""imag""","F_x__fft_coefficient__coeff_56__attr_""imag""",real,0.02722508734576438,False
"F_x__fft_coefficient__coeff_88__attr_""imag""","F_x__fft_coefficient__coeff_88__attr_""imag""",real,0.029301417022283435,False
"F_x__fft_coefficient__coeff_53__attr_""angle""","F_x__fft_coefficient__coeff_53__attr_""angle""",real,0.029301454534186235,False
F_x__large_standard_deviation__r_0.25,F_x__large_standard_deviation__r_0.25,binary,0.030254881951860227,False
F_x__friedrich_coefficients__m_3__r_30__coeff_1,F_x__friedrich_coefficients__m_3__r_30__coeff_1,real,0.03034526359424659,False
"F_x__agg_linear_trend__f_agg_""max""__chunk_len_10__attr_""intercept""","F_x__agg_linear_trend__f_agg_""max""__chunk_len_10__attr_""intercept""",real,0.0304424575295693,False
"F_x__fft_coefficient__coeff_92__attr_""real""","F_x__fft_coefficient__coeff_92__attr_""real""",real,0.031512510673053495,False
"F_x__agg_linear_trend__f_agg_""mean""__chunk_len_50__attr_""slope""","F_x__agg_linear_trend__f_agg_""mean""__chunk_len_50__attr_""slope""",real,0.03375010305035188,False
F_x__abs_energy,F_x__abs_energy,real,0.03462801916616851,False
"F_x__fft_coefficient__coeff_34__attr_""real""","F_x__fft_coefficient__coeff_34__attr_""real""",real,0.035303794401742604,False
F_x__skewness,F_x__skewness,real,0.03634798291395031,False
"F_x__cwt_coefficients__widths_(2, 5, 10, 20)__coeff_0__w_5","F_x__cwt_coefficients__widths_(2, 5, 10, 20)__coeff_0__w_5",real,0.0367653422085505,False
"F_x__fft_coefficient__coeff_22__attr_""real""","F_x__fft_coefficient__coeff_22__attr_""real""",real,0.036784409680829466,False
"F_x__fft_coefficient__coeff_18__attr_""angle""","F_x__fft_coefficient__coeff_18__attr_""angle""",real,0.03736036321199592,False
"F_x__change_quantiles__f_agg_""mean""__isabs_True__qh_1.0__ql_0.8","F_x__change_quantiles__f_agg_""mean""__isabs_True__qh_1.0__ql_0.8",real,0.03814022698897522,False
F_x__index_mass_quantile__q_0.3,F_x__index_mass_quantile__q_0.3,real,0.04083203043991804,False
"F_x__fft_coefficient__coeff_85__attr_""angle""","F_x__fft_coefficient__coeff_85__attr_""angle""",real,0.04088561894334495,False
"F_x__fft_coefficient__coeff_24__attr_""angle""","F_x__fft_coefficient__coeff_24__attr_""angle""",real,0.04218596501052969,False
"F_x__cwt_coefficients__widths_(2, 5, 10, 20)__coeff_0__w_20","F_x__cwt_coefficients__widths_(2, 5, 10, 20)__coeff_0__w_20",real,0.04298498903810148,False
F_x__index_mass_quantile__q_0.2,F_x__index_mass_quantile__q_0.2,real,0.0433987600452717,False
"F_x__fft_coefficient__coeff_93__attr_""real""","F_x__fft_coefficient__coeff_93__attr_""real""",real,0.044531501995957345,False
"F_x__fft_coefficient__coeff_15__attr_""real""","F_x__fft_coefficient__coeff_15__attr_""real""",real,0.04523148766145683,False
F_x__friedrich_coefficients__m_3__r_30__coeff_2,F_x__friedrich_coefficients__m_3__r_30__coeff_2,real,0.045917533029974436,False
"F_x__fft_coefficient__coeff_87__attr_""imag""","F_x__fft_coefficient__coeff_87__attr_""imag""",real,0.04620591001397749,False
"F_x__agg_linear_trend__f_agg_""min""__chunk_len_50__attr_""stderr""","F_x__agg_linear_trend__f_agg_""min""__chunk_len_50__attr_""stderr""",real,0.050743681257790274,False
"F_x__fft_coefficient__coeff_28__attr_""angle""","F_x__fft_coefficient__coeff_28__attr_""angle""",real,0.05089404085981042,False
F_x__ratio_beyond_r_sigma__r_5,F_x__ratio_beyond_r_sigma__r_5,real,0.05124755339058243,False
"F_x__fft_coefficient__coeff_56__attr_""real""","F_x__fft_coefficient__coeff_56__attr_""real""",real,0.051664149323441204,False
"F_x__fft_coefficient__coeff_99__attr_""imag""","F_x__fft_coefficient__coeff_99__attr_""imag""",real,0.05177840687244867,False
"F_x__fft_coefficient__coeff_58__attr_""real""","F_x__fft_coefficient__coeff_58__attr_""real""",real,0.05315553088496373,False
"F_x__fft_coefficient__coeff_88__attr_""real""","F_x__fft_coefficient__coeff_88__attr_""real""",real,0.053494639457147386,False
"F_x__fft_coefficient__coeff_0__attr_""real""","F_x__fft_coefficient__coeff_0__attr_""real""",real,0.05461613643802317,False
"F_x__fft_coefficient__coeff_0__attr_""abs""","F_x__fft_coefficient__coeff_0__attr_""abs""",real,0.05461613643802317,False
F_x__sum_values,F_x__sum_values,real,0.05461613643802317,False
"F_x__fft_coefficient__coeff_93__attr_""imag""","F_x__fft_coefficient__coeff_93__attr_""imag""",real,0.05788864806098848,False
"F_x__fft_coefficient__coeff_89__attr_""real""","F_x__fft_coefficient__coeff_89__attr_""real""",real,0.05871782511347304,False
"F_x__fft_coefficient__coeff_37__attr_""real""","F_x__fft_coefficient__coeff_37__attr_""real""",real,0.059499570551444655,False
"F_x__fft_coefficient__coeff_11__attr_""imag""","F_x__fft_coefficient__coeff_11__attr_""imag""",real,0.06298230176124743,False
"F_x__fft_coefficient__coeff_81__attr_""imag""","F_x__fft_coefficient__coeff_81__attr_""imag""",real,0.06335765953126687,False
F_x__friedrich_coefficients__m_3__r_30__coeff_0,F_x__friedrich_coefficients__m_3__r_30__coeff_0,real,0.0634631698536464,False
"F_x__fft_coefficient__coeff_69__attr_""imag""","F_x__fft_coefficient__coeff_69__attr_""imag""",real,0.06349331716214196,False
"F_x__fft_coefficient__coeff_82__attr_""real""","F_x__fft_coefficient__coeff_82__attr_""real""",real,0.06399252618607665,False
"F_x__agg_linear_trend__f_agg_""max""__chunk_len_5__attr_""rvalue""","F_x__agg_linear_trend__f_agg_""max""__chunk_len_5__attr_""rvalue""",real,0.06431198673378566,False
"F_x__fft_coefficient__coeff_98__attr_""angle""","F_x__fft_coefficient__coeff_98__attr_""angle""",real,0.06541685661386927,False
"F_x__fft_coefficient__coeff_20__attr_""angle""","F_x__fft_coefficient__coeff_20__attr_""angle""",real,0.06634989422363485,False
"F_x__agg_linear_trend__f_agg_""max""__chunk_len_10__attr_""rvalue""","F_x__agg_linear_trend__f_agg_""max""__chunk_len_10__attr_""rvalue""",real,0.06678894644464178,False
"F_x__fft_coefficient__coeff_92__attr_""angle""","F_x__fft_coefficient__coeff_92__attr_""angle""",real,0.06732507569941103,False
F_x__energy_ratio_by_chunks__num_segments_10__segment_focus_0,F_x__energy_ratio_by_chunks__num_segments_10__segment_focus_0,real,0.0684086255574784,False
"F_x__fft_coefficient__coeff_13__attr_""imag""","F_x__fft_coefficient__coeff_13__attr_""imag""",real,0.0694737573775657,False
F_x__spkt_welch_density__coeff_5,F_x__spkt_welch_density__coeff_5,real,0.06996239041003995,False
F_x__index_mass_quantile__q_0.4,F_x__index_mass_quantile__q_0.4,real,0.06997731239427595,False
"F_x__fft_coefficient__coeff_10__attr_""imag""","F_x__fft_coefficient__coeff_10__attr_""imag""",real,0.07860153674926929,False
F_x__energy_ratio_by_chunks__num_segments_10__segment_focus_5,F_x__energy_ratio_by_chunks__num_segments_10__segment_focus_5,real,0.08316078439163191,False
"F_x__cwt_coefficients__widths_(2, 5, 10, 20)__coeff_12__w_2","F_x__cwt_coefficients__widths_(2, 5, 10, 20)__coeff_12__w_2",real,0.0839158264693651,False
"F_x__change_quantiles__f_agg_""var""__isabs_True__qh_0.4__ql_0.2","F_x__change_quantiles__f_agg_""var""__isabs_True__qh_0.4__ql_0.2",real,0.08399163494292951,False
"F_x__fft_coefficient__coeff_61__attr_""angle""","F_x__fft_coefficient__coeff_61__attr_""angle""",real,0.08421938437579056,False
F_x__quantile__q_0.7,F_x__quantile__q_0.7,real,0.08437150928216033,False
"F_x__change_quantiles__f_agg_""mean""__isabs_False__qh_0.8__ql_0.6","F_x__change_quantiles__f_agg_""mean""__isabs_False__qh_0.8__ql_0.6",real,0.08671894744983395,False
F_x__count_above_mean,F_x__count_above_mean,real,0.08708893316361968,False
"F_x__fft_coefficient__coeff_79__attr_""imag""","F_x__fft_coefficient__coeff_79__attr_""imag""",real,0.0872454501176905,False
F_x__energy_ratio_by_chunks__num_segments_10__segment_focus_8,F_x__energy_ratio_by_chunks__num_segments_10__segment_focus_8,real,0.08781397788671785,False
"F_x__fft_coefficient__coeff_77__attr_""real""","F_x__fft_coefficient__coeff_77__attr_""real""",real,0.08795156290843353,False
"F_x__agg_linear_trend__f_agg_""var""__chunk_len_50__attr_""rvalue""","F_x__agg_linear_trend__f_agg_""var""__chunk_len_50__attr_""rvalue""",real,0.08888043573138639,False
"F_x__change_quantiles__f_agg_""mean""__isabs_True__qh_0.6__ql_0.4","F_x__change_quantiles__f_agg_""mean""__isabs_True__qh_0.6__ql_0.4",real,0.09076173662746857,False
"F_x__fft_coefficient__coeff_27__attr_""real""","F_x__fft_coefficient__coeff_27__attr_""real""",real,0.09088289891902963,False
F_x__kurtosis,F_x__kurtosis,real,0.09592135757447308,False
"F_x__fft_coefficient__coeff_54__attr_""real""","F_x__fft_coefficient__coeff_54__attr_""real""",real,0.09695964828852215,False
"F_x__fft_coefficient__coeff_57__attr_""real""","F_x__fft_coefficient__coeff_57__attr_""real""",real,0.09738601522095386,False
"F_x__fft_coefficient__coeff_73__attr_""imag""","F_x__fft_coefficient__coeff_73__attr_""imag""",real,0.10166623681184968,False
"F_x__agg_linear_trend__f_agg_""var""__chunk_len_50__attr_""slope""","F_x__agg_linear_trend__f_agg_""var""__chunk_len_50__attr_""slope""",real,0.10982683917534042,False
"F_x__fft_coefficient__coeff_38__attr_""imag""","F_x__fft_coefficient__coeff_38__attr_""imag""",real,0.11086457117556424,False
"F_x__fft_coefficient__coeff_86__attr_""imag""","F_x__fft_coefficient__coeff_86__attr_""imag""",real,0.11145754763992691,False
"F_x__cwt_coefficients__widths_(2, 5, 10, 20)__coeff_1__w_20","F_x__cwt_coefficients__widths_(2, 5, 10, 20)__coeff_1__w_20",real,0.11257936029453737,False
"F_x__fft_coefficient__coeff_95__attr_""real""","F_x__fft_coefficient__coeff_95__attr_""real""",real,0.11301102027481225,False
"F_x__fft_coefficient__coeff_55__attr_""real""","F_x__fft_coefficient__coeff_55__attr_""real""",real,0.11342045595984625,False
"F_x__fft_coefficient__coeff_3__attr_""real""","F_x__fft_coefficient__coeff_3__attr_""real""",real,0.11421801741064609,False
F_x__quantile__q_0.8,F_x__quantile__q_0.8,real,0.1148981916995854,False
"F_x__fft_coefficient__coeff_68__attr_""imag""","F_x__fft_coefficient__coeff_68__attr_""imag""",real,0.12096107915048472,False
"F_x__fft_coefficient__coeff_23__attr_""imag""","F_x__fft_coefficient__coeff_23__attr_""imag""",real,0.12341401510635547,False
"F_x__fft_coefficient__coeff_13__attr_""real""","F_x__fft_coefficient__coeff_13__attr_""real""",real,0.12642958426542628,False
"F_x__fft_coefficient__coeff_68__attr_""real""","F_x__fft_coefficient__coeff_68__attr_""real""",real,0.12674477569334575,False
F_x__ratio_beyond_r_sigma__r_2,F_x__ratio_beyond_r_sigma__r_2,real,0.13142886850132052,False
"F_x__agg_linear_trend__f_agg_""max""__chunk_len_5__attr_""slope""","F_x__agg_linear_trend__f_agg_""max""__chunk_len_5__attr_""slope""",real,0.13334212452735347,False
"F_x__fft_coefficient__coeff_20__attr_""real""","F_x__fft_coefficient__coeff_20__attr_""real""",real,0.13421950132790839,False
F_x__ratio_beyond_r_sigma__r_1.5,F_x__ratio_beyond_r_sigma__r_1.5,real,0.13426576389511904,False
F_x__ratio_beyond_r_sigma__r_6,F_x__ratio_beyond_r_sigma__r_6,real,0.141584924216181,False
"F_x__fft_coefficient__coeff_30__attr_""angle""","F_x__fft_coefficient__coeff_30__attr_""angle""",real,0.14821843644711155,False
"F_x__cwt_coefficients__widths_(2, 5, 10, 20)__coeff_10__w_5","F_x__cwt_coefficients__widths_(2, 5, 10, 20)__coeff_10__w_5",real,0.14887218230710975,False
"F_x__fft_coefficient__coeff_1__attr_""real""","F_x__fft_coefficient__coeff_1__attr_""real""",real,0.15235566307609286,False
"F_x__cwt_coefficients__widths_(2, 5, 10, 20)__coeff_10__w_2","F_x__cwt_coefficients__widths_(2, 5, 10, 20)__coeff_10__w_2",real,0.15247688033944146,False
"F_x__fft_coefficient__coeff_24__attr_""imag""","F_x__fft_coefficient__coeff_24__attr_""imag""",real,0.153998295314135,False
"F_x__fft_coefficient__coeff_23__attr_""real""","F_x__fft_coefficient__coeff_23__attr_""real""",real,0.15627112659588666,False
"F_x__fft_coefficient__coeff_19__attr_""real""","F_x__fft_coefficient__coeff_19__attr_""real""",real,0.16139877745879638,False
"F_x__fft_coefficient__coeff_8__attr_""real""","F_x__fft_coefficient__coeff_8__attr_""real""",real,0.16285959262169092,False
"F_x__fft_coefficient__coeff_59__attr_""real""","F_x__fft_coefficient__coeff_59__attr_""real""",real,0.16417000784139035,False
"F_x__fft_coefficient__coeff_38__attr_""real""","F_x__fft_coefficient__coeff_38__attr_""real""",real,0.16490859020150284,False
F_x__ratio_beyond_r_sigma__r_3,F_x__ratio_beyond_r_sigma__r_3,real,0.16549942246647242,False
"F_x__fft_coefficient__coeff_64__attr_""imag""","F_x__fft_coefficient__coeff_64__attr_""imag""",real,0.16619902170383216,False
"F_x__fft_coefficient__coeff_12__attr_""angle""","F_x__fft_coefficient__coeff_12__attr_""angle""",real,0.16632849438637742,False
"F_x__cwt_coefficients__widths_(2, 5, 10, 20)__coeff_11__w_5","F_x__cwt_coefficients__widths_(2, 5, 10, 20)__coeff_11__w_5",real,0.16814891639515894,False
"F_x__cwt_coefficients__widths_(2, 5, 10, 20)__coeff_2__w_20","F_x__cwt_coefficients__widths_(2, 5, 10, 20)__coeff_2__w_20",real,0.1701817866415286,False
"F_x__fft_coefficient__coeff_29__attr_""real""","F_x__fft_coefficient__coeff_29__attr_""real""",real,0.17551293168663173,False
"F_x__fft_coefficient__coeff_76__attr_""imag""","F_x__fft_coefficient__coeff_76__attr_""imag""",real,0.1810020583861005,False
"F_x__cwt_coefficients__widths_(2, 5, 10, 20)__coeff_13__w_5","F_x__cwt_coefficients__widths_(2, 5, 10, 20)__coeff_13__w_5",real,0.18290627480953237,False
"F_x__change_quantiles__f_agg_""mean""__isabs_False__qh_1.0__ql_0.8","F_x__change_quantiles__f_agg_""mean""__isabs_False__qh_1.0__ql_0.8",real,0.18725358468507014,False
F_x__energy_ratio_by_chunks__num_segments_10__segment_focus_9,F_x__energy_ratio_by_chunks__num_segments_10__segment_focus_9,real,0.19246943228019664,False
"F_x__fft_coefficient__coeff_50__attr_""real""","F_x__fft_coefficient__coeff_50__attr_""real""",real,0.19838099144330812,False
"F_x__cwt_coefficients__widths_(2, 5, 10, 20)__coeff_12__w_5","F_x__cwt_coefficients__widths_(2, 5, 10, 20)__coeff_12__w_5",real,0.20112508170688104,False
"F_x__fft_coefficient__coeff_9__attr_""real""","F_x__fft_coefficient__coeff_9__attr_""real""",real,0.2057094056393758,False
"F_x__cwt_coefficients__widths_(2, 5, 10, 20)__coeff_3__w_20","F_x__cwt_coefficients__widths_(2, 5, 10, 20)__coeff_3__w_20",real,0.20722886535912877,False
"F_x__cwt_coefficients__widths_(2, 5, 10, 20)__coeff_14__w_5","F_x__cwt_coefficients__widths_(2, 5, 10, 20)__coeff_14__w_5",real,0.20753373209350146,False
"F_x__cwt_coefficients__widths_(2, 5, 10, 20)__coeff_4__w_20","F_x__cwt_coefficients__widths_(2, 5, 10, 20)__coeff_4__w_20",real,0.20822087156736968,False
"F_x__fft_coefficient__coeff_28__attr_""imag""","F_x__fft_coefficient__coeff_28__attr_""imag""",real,0.20952329909154566,False
"F_x__fft_coefficient__coeff_37__attr_""imag""","F_x__fft_coefficient__coeff_37__attr_""imag""",real,0.20960009578862215,False
"F_x__fft_coefficient__coeff_67__attr_""real""","F_x__fft_coefficient__coeff_67__attr_""real""",real,0.21044619226973993,False
F_x__number_peaks__n_3,F_x__number_peaks__n_3,real,0.21315149148797674,False
F_x__number_peaks__n_1,F_x__number_peaks__n_1,real,0.2131928555546403,False
"F_x__fft_coefficient__coeff_6__attr_""imag""","F_x__fft_coefficient__coeff_6__attr_""imag""",real,0.21502662199423983,False
"F_x__fft_coefficient__coeff_96__attr_""imag""","F_x__fft_coefficient__coeff_96__attr_""imag""",real,0.21541770325720222,False
"F_x__fft_coefficient__coeff_29__attr_""imag""","F_x__fft_coefficient__coeff_29__attr_""imag""",real,0.22079280127071121,False
"F_x__fft_coefficient__coeff_70__attr_""imag""","F_x__fft_coefficient__coeff_70__attr_""imag""",real,0.2234354903913387,False
"F_x__change_quantiles__f_agg_""var""__isabs_False__qh_0.4__ql_0.2","F_x__change_quantiles__f_agg_""var""__isabs_False__qh_0.4__ql_0.2",real,0.2266690166823525,False
"F_x__cwt_coefficients__widths_(2, 5, 10, 20)__coeff_5__w_20","F_x__cwt_coefficients__widths_(2, 5, 10, 20)__coeff_5__w_20",real,0.23523197829051,False
"F_x__agg_linear_trend__f_agg_""max""__chunk_len_10__attr_""slope""","F_x__agg_linear_trend__f_agg_""max""__chunk_len_10__attr_""slope""",real,0.23573288932037595,False
"F_x__fft_coefficient__coeff_19__attr_""imag""","F_x__fft_coefficient__coeff_19__attr_""imag""",real,0.2401903972604229,False
"F_x__fft_coefficient__coeff_45__attr_""angle""","F_x__fft_coefficient__coeff_45__attr_""angle""",real,0.24035976036576856,False
"F_x__fft_coefficient__coeff_63__attr_""real""","F_x__fft_coefficient__coeff_63__attr_""real""",real,0.24470696280212023,False
"F_x__fft_coefficient__coeff_21__attr_""angle""","F_x__fft_coefficient__coeff_21__attr_""angle""",real,0.24573782059730687,False
"F_x__fft_coefficient__coeff_63__attr_""imag""","F_x__fft_coefficient__coeff_63__attr_""imag""",real,0.24867505690372727,False
"F_x__fft_coefficient__coeff_44__attr_""real""","F_x__fft_coefficient__coeff_44__attr_""real""",real,0.25163678525503075,False
"F_x__cwt_coefficients__widths_(2, 5, 10, 20)__coeff_1__w_10","F_x__cwt_coefficients__widths_(2, 5, 10, 20)__coeff_1__w_10",real,0.25462301536620624,False
"F_x__fft_coefficient__coeff_23__attr_""angle""","F_x__fft_coefficient__coeff_23__attr_""angle""",real,0.25656836755494794,False
F_x__index_mass_quantile__q_0.9,F_x__index_mass_quantile__q_0.9,real,0.2572759660963412,False
"F_x__fft_coefficient__coeff_20__attr_""imag""","F_x__fft_coefficient__coeff_20__attr_""imag""",real,0.26022128006222767,False
"F_x__fft_coefficient__coeff_70__attr_""real""","F_x__fft_coefficient__coeff_70__attr_""real""",real,0.2713953016709111,False
F_x__max_langevin_fixed_point__m_3__r_30,F_x__max_langevin_fixed_point__m_3__r_30,real,0.27259523178074296,False
"F_x__fft_coefficient__coeff_65__attr_""real""","F_x__fft_coefficient__coeff_65__attr_""real""",real,0.27315024856124925,False
"F_x__fft_coefficient__coeff_22__attr_""angle""","F_x__fft_coefficient__coeff_22__attr_""angle""",real,0.27612347112744884,False
"F_x__fft_coefficient__coeff_61__attr_""imag""","F_x__fft_coefficient__coeff_61__attr_""imag""",real,0.2852704829052407,False
"F_x__fft_coefficient__coeff_26__attr_""imag""","F_x__fft_coefficient__coeff_26__attr_""imag""",real,0.2863205754645253,False
"F_x__cwt_coefficients__widths_(2, 5, 10, 20)__coeff_0__w_2","F_x__cwt_coefficients__widths_(2, 5, 10, 20)__coeff_0__w_2",real,0.28641616650737534,False
"F_x__fft_coefficient__coeff_91__attr_""imag""","F_x__fft_coefficient__coeff_91__attr_""imag""",real,0.28862032516354763,False
"F_x__fft_coefficient__coeff_84__attr_""real""","F_x__fft_coefficient__coeff_84__attr_""real""",real,0.2911747605716064,False
F_x__number_peaks__n_5,F_x__number_peaks__n_5,real,0.2912164237239544,False
F_x__friedrich_coefficients__m_3__r_30__coeff_3,F_x__friedrich_coefficients__m_3__r_30__coeff_3,real,0.30218684927055617,False
"F_x__fft_coefficient__coeff_78__attr_""real""","F_x__fft_coefficient__coeff_78__attr_""real""",real,0.3069183792683686,False
"F_x__change_quantiles__f_agg_""mean""__isabs_True__qh_0.4__ql_0.2","F_x__change_quantiles__f_agg_""mean""__isabs_True__qh_0.4__ql_0.2",real,0.3178072225786053,False
"F_x__fft_coefficient__coeff_16__attr_""real""","F_x__fft_coefficient__coeff_16__attr_""real""",real,0.32130316585221963,False
"F_x__fft_coefficient__coeff_12__attr_""real""","F_x__fft_coefficient__coeff_12__attr_""real""",real,0.32617699212238327,False
"F_x__fft_coefficient__coeff_2__attr_""real""","F_x__fft_coefficient__coeff_2__attr_""real""",real,0.3307830432548391,False
"F_x__fft_coefficient__coeff_85__attr_""imag""","F_x__fft_coefficient__coeff_85__attr_""imag""",real,0.3324154908022666,False
"F_x__fft_coefficient__coeff_50__attr_""imag""","F_x__fft_coefficient__coeff_50__attr_""imag""",real,0.34226628190062736,False
"F_x__fft_coefficient__coeff_31__attr_""real""","F_x__fft_coefficient__coeff_31__attr_""real""",real,0.3425888579395936,False
"F_x__cwt_coefficients__widths_(2, 5, 10, 20)__coeff_6__w_20","F_x__cwt_coefficients__widths_(2, 5, 10, 20)__coeff_6__w_20",real,0.34463635101710033,False
"F_x__fft_coefficient__coeff_52__attr_""imag""","F_x__fft_coefficient__coeff_52__attr_""imag""",real,0.35120787578534596,False
"F_x__cwt_coefficients__widths_(2, 5, 10, 20)__coeff_14__w_10","F_x__cwt_coefficients__widths_(2, 5, 10, 20)__coeff_14__w_10",real,0.35356221107145946,False
"F_x__agg_linear_trend__f_agg_""mean""__chunk_len_50__attr_""stderr""","F_x__agg_linear_trend__f_agg_""mean""__chunk_len_50__attr_""stderr""",real,0.3544407832100145,False
F_x__large_standard_deviation__r_0.2,F_x__large_standard_deviation__r_0.2,binary,0.3561213010628086,False
F_x__quantile__q_0.9,F_x__quantile__q_0.9,real,0.368009467682075,False
"F_x__fft_coefficient__coeff_72__attr_""real""","F_x__fft_coefficient__coeff_72__attr_""real""",real,0.36857232750871693,False
"F_x__cwt_coefficients__widths_(2, 5, 10, 20)__coeff_11__w_10","F_x__cwt_coefficients__widths_(2, 5, 10, 20)__coeff_11__w_10",real,0.3708293544420095,False
F_x__ratio_beyond_r_sigma__r_2.5,F_x__ratio_beyond_r_sigma__r_2.5,real,0.37221661092692704,False
"F_x__fft_coefficient__coeff_65__attr_""imag""","F_x__fft_coefficient__coeff_65__attr_""imag""",real,0.3730948808095629,False
"F_x__fft_coefficient__coeff_64__attr_""real""","F_x__fft_coefficient__coeff_64__attr_""real""",real,0.37948385793067685,False
F_x__count_below_mean,F_x__count_below_mean,real,0.3815511226637919,False
F_x__energy_ratio_by_chunks__num_segments_10__segment_focus_1,F_x__energy_ratio_by_chunks__num_segments_10__segment_focus_1,real,0.38605558387220906,False
F_x__index_mass_quantile__q_0.1,F_x__index_mass_quantile__q_0.1,real,0.3872115933092902,False
"F_x__fft_coefficient__coeff_59__attr_""imag""","F_x__fft_coefficient__coeff_59__attr_""imag""",real,0.3878545748280282,False
"F_x__cwt_coefficients__widths_(2, 5, 10, 20)__coeff_13__w_10","F_x__cwt_coefficients__widths_(2, 5, 10, 20)__coeff_13__w_10",real,0.38954212121036225,False
"F_x__fft_coefficient__coeff_17__attr_""imag""","F_x__fft_coefficient__coeff_17__attr_""imag""",real,0.39281344328676704,False
"F_x__fft_coefficient__coeff_7__attr_""real""","F_x__fft_coefficient__coeff_7__attr_""real""",real,0.4053477973459235,False
"F_x__cwt_coefficients__widths_(2, 5, 10, 20)__coeff_12__w_10","F_x__cwt_coefficients__widths_(2, 5, 10, 20)__coeff_12__w_10",real,0.40558656919253055,False
"F_x__agg_linear_trend__f_agg_""max""__chunk_len_10__attr_""stderr""","F_x__agg_linear_trend__f_agg_""max""__chunk_len_10__attr_""stderr""",real,0.406183866330614,False
"F_x__fft_coefficient__coeff_75__attr_""real""","F_x__fft_coefficient__coeff_75__attr_""real""",real,0.4065424506725531,False
"F_x__cwt_coefficients__widths_(2, 5, 10, 20)__coeff_3__w_2","F_x__cwt_coefficients__widths_(2, 5, 10, 20)__coeff_3__w_2",real,0.4114626897819914,False
F_x__energy_ratio_by_chunks__num_segments_10__segment_focus_4,F_x__energy_ratio_by_chunks__num_segments_10__segment_focus_4,real,0.41921323414818445,False
"F_x__cwt_coefficients__widths_(2, 5, 10, 20)__coeff_7__w_20","F_x__cwt_coefficients__widths_(2, 5, 10, 20)__coeff_7__w_20",real,0.4200661282369401,False
F_x__index_mass_quantile__q_0.6,F_x__index_mass_quantile__q_0.6,real,0.4240976691294909,False
"F_x__cwt_coefficients__widths_(2, 5, 10, 20)__coeff_2__w_2","F_x__cwt_coefficients__widths_(2, 5, 10, 20)__coeff_2__w_2",real,0.4328573286154488,False
"F_x__agg_linear_trend__f_agg_""var""__chunk_len_50__attr_""stderr""","F_x__agg_linear_trend__f_agg_""var""__chunk_len_50__attr_""stderr""",real,0.43796131443721387,False
"F_x__fft_coefficient__coeff_73__attr_""real""","F_x__fft_coefficient__coeff_73__attr_""real""",real,0.43921137502415974,False
"F_x__fft_coefficient__coeff_42__attr_""real""","F_x__fft_coefficient__coeff_42__attr_""real""",real,0.439586850593363,False
"F_x__fft_coefficient__coeff_17__attr_""real""","F_x__fft_coefficient__coeff_17__attr_""real""",real,0.4413412949456291,False
"F_x__fft_coefficient__coeff_55__attr_""imag""","F_x__fft_coefficient__coeff_55__attr_""imag""",real,0.450617670360165,False
"F_x__fft_coefficient__coeff_83__attr_""imag""","F_x__fft_coefficient__coeff_83__attr_""imag""",real,0.45125259730280354,False
"F_x__cwt_coefficients__widths_(2, 5, 10, 20)__coeff_8__w_20","F_x__cwt_coefficients__widths_(2, 5, 10, 20)__coeff_8__w_20",real,0.4523334190124434,False
"F_x__fft_coefficient__coeff_41__attr_""imag""","F_x__fft_coefficient__coeff_41__attr_""imag""",real,0.4551373456952721,False
"F_x__fft_coefficient__coeff_35__attr_""imag""","F_x__fft_coefficient__coeff_35__attr_""imag""",real,0.4567988011468497,False
"F_x__cwt_coefficients__widths_(2, 5, 10, 20)__coeff_10__w_10","F_x__cwt_coefficients__widths_(2, 5, 10, 20)__coeff_10__w_10",real,0.46657983378633094,False
"F_x__agg_linear_trend__f_agg_""max""__chunk_len_50__attr_""slope""","F_x__agg_linear_trend__f_agg_""max""__chunk_len_50__attr_""slope""",real,0.47125321193205283,False
"F_x__fft_coefficient__coeff_15__attr_""imag""","F_x__fft_coefficient__coeff_15__attr_""imag""",real,0.47831143414037725,False
"F_x__fft_coefficient__coeff_49__attr_""angle""","F_x__fft_coefficient__coeff_49__attr_""angle""",real,0.4789678829438839,False
"F_x__cwt_coefficients__widths_(2, 5, 10, 20)__coeff_8__w_2","F_x__cwt_coefficients__widths_(2, 5, 10, 20)__coeff_8__w_2",real,0.47936198822980736,False
"F_x__fft_coefficient__coeff_60__attr_""real""","F_x__fft_coefficient__coeff_60__attr_""real""",real,0.48126932167232794,False
"F_x__fft_coefficient__coeff_43__attr_""imag""","F_x__fft_coefficient__coeff_43__attr_""imag""",real,0.4829168870143764,False
"F_x__fft_coefficient__coeff_32__attr_""imag""","F_x__fft_coefficient__coeff_32__attr_""imag""",real,0.4880769196032042,False
"F_x__fft_coefficient__coeff_11__attr_""real""","F_x__fft_coefficient__coeff_11__attr_""real""",real,0.49020242770820266,False
"F_x__fft_coefficient__coeff_14__attr_""imag""","F_x__fft_coefficient__coeff_14__attr_""imag""",real,0.49060151399080865,False
"F_x__fft_coefficient__coeff_21__attr_""real""","F_x__fft_coefficient__coeff_21__attr_""real""",real,0.4939340144983919,False
"F_x__fft_coefficient__coeff_16__attr_""imag""","F_x__fft_coefficient__coeff_16__attr_""imag""",real,0.49473561323537774,False
"F_x__fft_coefficient__coeff_56__attr_""angle""","F_x__fft_coefficient__coeff_56__attr_""angle""",real,0.5021832488715823,False
"F_x__fft_coefficient__coeff_62__attr_""real""","F_x__fft_coefficient__coeff_62__attr_""real""",real,0.5122730012209883,False
"F_x__fft_coefficient__coeff_33__attr_""real""","F_x__fft_coefficient__coeff_33__attr_""real""",real,0.5203379359360395,False
"F_x__cwt_coefficients__widths_(2, 5, 10, 20)__coeff_2__w_10","F_x__cwt_coefficients__widths_(2, 5, 10, 20)__coeff_2__w_10",real,0.5207497582256434,False
F_x__number_peaks__n_50,F_x__number_peaks__n_50,real,0.5248415957621722,False
"F_x__fft_coefficient__coeff_39__attr_""imag""","F_x__fft_coefficient__coeff_39__attr_""imag""",real,0.530544990081427,False
F_x__number_peaks__n_10,F_x__number_peaks__n_10,real,0.5319830000624641,False
F_x__large_standard_deviation__r_0.15000000000000002,F_x__large_standard_deviation__r_0.15000000000000002,binary,0.5337418493242442,False
"F_x__fft_coefficient__coeff_7__attr_""imag""","F_x__fft_coefficient__coeff_7__attr_""imag""",real,0.5474510967776329,False
F_x__number_cwt_peaks__n_1,F_x__number_cwt_peaks__n_1,real,0.5484307219380297,False
"F_x__cwt_coefficients__widths_(2, 5, 10, 20)__coeff_9__w_20","F_x__cwt_coefficients__widths_(2, 5, 10, 20)__coeff_9__w_20",real,0.5523905113519355,False
F_x__index_mass_quantile__q_0.7,F_x__index_mass_quantile__q_0.7,real,0.5559298359368292,False
"F_x__fft_coefficient__coeff_98__attr_""imag""","F_x__fft_coefficient__coeff_98__attr_""imag""",real,0.5564993550899007,False
F_x__number_cwt_peaks__n_5,F_x__number_cwt_peaks__n_5,real,0.5598327564301768,False
"F_x__cwt_coefficients__widths_(2, 5, 10, 20)__coeff_1__w_2","F_x__cwt_coefficients__widths_(2, 5, 10, 20)__coeff_1__w_2",real,0.5643336000832305,False
"F_x__fft_coefficient__coeff_35__attr_""real""","F_x__fft_coefficient__coeff_35__attr_""real""",real,0.5646194675984721,False
"F_x__cwt_coefficients__widths_(2, 5, 10, 20)__coeff_5__w_5","F_x__cwt_coefficients__widths_(2, 5, 10, 20)__coeff_5__w_5",real,0.5689158197819736,False
"F_x__fft_coefficient__coeff_12__attr_""imag""","F_x__fft_coefficient__coeff_12__attr_""imag""",real,0.5700641457963693,False
"F_x__fft_coefficient__coeff_62__attr_""imag""","F_x__fft_coefficient__coeff_62__attr_""imag""",real,0.5712135650584749,False
"F_x__cwt_coefficients__widths_(2, 5, 10, 20)__coeff_6__w_5","F_x__cwt_coefficients__widths_(2, 5, 10, 20)__coeff_6__w_5",real,0.5769772074892887,False
"F_x__fft_coefficient__coeff_25__attr_""imag""","F_x__fft_coefficient__coeff_25__attr_""imag""",real,0.5840747795089706,False
"F_x__cwt_coefficients__widths_(2, 5, 10, 20)__coeff_4__w_5","F_x__cwt_coefficients__widths_(2, 5, 10, 20)__coeff_4__w_5",real,0.5846559630758849,False
"F_x__fft_coefficient__coeff_9__attr_""imag""","F_x__fft_coefficient__coeff_9__attr_""imag""",real,0.585819136320738,False
F_x__range_count__max_1000000000000.0__min_0,F_x__range_count__max_1000000000000.0__min_0,real,0.5878521300637933,False
"F_x__agg_linear_trend__f_agg_""max""__chunk_len_5__attr_""stderr""","F_x__agg_linear_trend__f_agg_""max""__chunk_len_5__attr_""stderr""",real,0.5910666586844462,False
"F_x__fft_coefficient__coeff_46__attr_""imag""","F_x__fft_coefficient__coeff_46__attr_""imag""",real,0.5913588204048622,False
"F_x__cwt_coefficients__widths_(2, 5, 10, 20)__coeff_13__w_2","F_x__cwt_coefficients__widths_(2, 5, 10, 20)__coeff_13__w_2",real,0.5941376608346816,False
"F_x__fft_coefficient__coeff_48__attr_""real""","F_x__fft_coefficient__coeff_48__attr_""real""",real,0.5989782055826105,False
"F_x__agg_linear_trend__f_agg_""max""__chunk_len_50__attr_""rvalue""","F_x__agg_linear_trend__f_agg_""max""__chunk_len_50__attr_""rvalue""",real,0.6039840469299792,False
"F_x__fft_coefficient__coeff_18__attr_""real""","F_x__fft_coefficient__coeff_18__attr_""real""",real,0.604131561647763,False
F_x__autocorrelation__lag_0,F_x__autocorrelation__lag_0,real,0.6058776129565826,False
"F_x__cwt_coefficients__widths_(2, 5, 10, 20)__coeff_7__w_5","F_x__cwt_coefficients__widths_(2, 5, 10, 20)__coeff_7__w_5",real,0.615687163386686,False
"F_x__fft_coefficient__coeff_27__attr_""imag""","F_x__fft_coefficient__coeff_27__attr_""imag""",real,0.6165800657177084,False
"F_x__cwt_coefficients__widths_(2, 5, 10, 20)__coeff_3__w_5","F_x__cwt_coefficients__widths_(2, 5, 10, 20)__coeff_3__w_5",real,0.6167289379753281,False
"F_x__fft_coefficient__coeff_32__attr_""real""","F_x__fft_coefficient__coeff_32__attr_""real""",real,0.6167289379753281,False
F_x__first_location_of_maximum,F_x__first_location_of_maximum,real,0.6238931600736262,False
"F_x__linear_trend__attr_""stderr""","F_x__linear_trend__attr_""stderr""",real,0.624941041650148,False
F_x__length,F_x__length,real,0.6292778838991926,False
F_x__last_location_of_maximum,F_x__last_location_of_maximum,real,0.638234569602824,False
"F_x__fft_coefficient__coeff_58__attr_""imag""","F_x__fft_coefficient__coeff_58__attr_""imag""",real,0.6437777195390408,False
F_x__energy_ratio_by_chunks__num_segments_10__segment_focus_2,F_x__energy_ratio_by_chunks__num_segments_10__segment_focus_2,real,0.6484854737697583,False
"F_x__fft_coefficient__coeff_31__attr_""imag""","F_x__fft_coefficient__coeff_31__attr_""imag""",real,0.649398284429453,False
"F_x__fft_coefficient__coeff_53__attr_""imag""","F_x__fft_coefficient__coeff_53__attr_""imag""",real,0.6529785191226403,False
"F_x__cwt_coefficients__widths_(2, 5, 10, 20)__coeff_9__w_5","F_x__cwt_coefficients__widths_(2, 5, 10, 20)__coeff_9__w_5",real,0.6562610725406077,False
"F_x__fft_coefficient__coeff_24__attr_""real""","F_x__fft_coefficient__coeff_24__attr_""real""",real,0.6570254119197967,False
"F_x__cwt_coefficients__widths_(2, 5, 10, 20)__coeff_7__w_2","F_x__cwt_coefficients__widths_(2, 5, 10, 20)__coeff_7__w_2",real,0.6617723015966976,False
F_x__symmetry_looking__r_0.05,F_x__symmetry_looking__r_0.05,binary,0.6637222485349235,False
"F_x__fft_coefficient__coeff_5__attr_""real""","F_x__fft_coefficient__coeff_5__attr_""real""",real,0.6648420570643656,False
"F_x__fft_coefficient__coeff_51__attr_""imag""","F_x__fft_coefficient__coeff_51__attr_""imag""",real,0.6713839258347688,False
"F_x__fft_coefficient__coeff_44__attr_""imag""","F_x__fft_coefficient__coeff_44__attr_""imag""",real,0.6813597809653082,False
"F_x__fft_coefficient__coeff_71__attr_""imag""","F_x__fft_coefficient__coeff_71__attr_""imag""",real,0.6825234007603607,False
"F_x__fft_coefficient__coeff_26__attr_""real""","F_x__fft_coefficient__coeff_26__attr_""real""",real,0.6857079171085945,False
"F_x__cwt_coefficients__widths_(2, 5, 10, 20)__coeff_3__w_10","F_x__cwt_coefficients__widths_(2, 5, 10, 20)__coeff_3__w_10",real,0.6857079171085945,False
"F_x__fft_coefficient__coeff_66__attr_""imag""","F_x__fft_coefficient__coeff_66__attr_""imag""",real,0.7027327556842216,False
"F_x__fft_coefficient__coeff_95__attr_""imag""","F_x__fft_coefficient__coeff_95__attr_""imag""",real,0.7082315155800759,False
"F_x__cwt_coefficients__widths_(2, 5, 10, 20)__coeff_9__w_10","F_x__cwt_coefficients__widths_(2, 5, 10, 20)__coeff_9__w_10",real,0.7142193158846599,False
"F_x__cwt_coefficients__widths_(2, 5, 10, 20)__coeff_5__w_2","F_x__cwt_coefficients__widths_(2, 5, 10, 20)__coeff_5__w_2",real,0.7192751879633339,False
"F_x__cwt_coefficients__widths_(2, 5, 10, 20)__coeff_8__w_5","F_x__cwt_coefficients__widths_(2, 5, 10, 20)__coeff_8__w_5",real,0.723867713349258,False
"F_x__cwt_coefficients__widths_(2, 5, 10, 20)__coeff_2__w_5","F_x__cwt_coefficients__widths_(2, 5, 10, 20)__coeff_2__w_5",real,0.7305365783122179,False
"F_x__cwt_coefficients__widths_(2, 5, 10, 20)__coeff_10__w_20","F_x__cwt_coefficients__widths_(2, 5, 10, 20)__coeff_10__w_20",real,0.7311727812806159,False
"F_x__agg_linear_trend__f_agg_""mean""__chunk_len_5__attr_""stderr""","F_x__agg_linear_trend__f_agg_""mean""__chunk_len_5__attr_""stderr""",real,0.7334009453954184,False
"F_x__fft_coefficient__coeff_28__attr_""real""","F_x__fft_coefficient__coeff_28__attr_""real""",real,0.7460157903402015,False
"F_x__agg_linear_trend__f_agg_""min""__chunk_len_5__attr_""stderr""","F_x__agg_linear_trend__f_agg_""min""__chunk_len_5__attr_""stderr""",real,0.746656363923671,False
"F_x__cwt_coefficients__widths_(2, 5, 10, 20)__coeff_14__w_2","F_x__cwt_coefficients__widths_(2, 5, 10, 20)__coeff_14__w_2",real,0.7566073888623395,False
"F_x__fft_coefficient__coeff_67__attr_""imag""","F_x__fft_coefficient__coeff_67__attr_""imag""",real,0.7569290660956677,False
"F_x__agg_linear_trend__f_agg_""mean""__chunk_len_10__attr_""stderr""","F_x__agg_linear_trend__f_agg_""mean""__chunk_len_10__attr_""stderr""",real,0.7693454277185912,False
F_x__variance,F_x__variance,real,0.7800354346970344,False
F_x__standard_deviation,F_x__standard_deviation,real,0.7800354346970344,False
"F_x__fft_coefficient__coeff_82__attr_""imag""","F_x__fft_coefficient__coeff_82__attr_""imag""",real,0.7942717911898743,False
"F_x__cwt_coefficients__widths_(2, 5, 10, 20)__coeff_14__w_20","F_x__cwt_coefficients__widths_(2, 5, 10, 20)__coeff_14__w_20",real,0.7964745584287964,False
"F_x__fft_coefficient__coeff_39__attr_""real""","F_x__fft_coefficient__coeff_39__attr_""real""",real,0.8031741779891033,False
"F_x__agg_autocorrelation__f_agg_""mean""__maxlag_40","F_x__agg_autocorrelation__f_agg_""mean""__maxlag_40",real,0.8077578862172481,False
F_x__ar_coefficient__k_10__coeff_1,F_x__ar_coefficient__k_10__coeff_1,real,0.8143174683388749,False
"F_x__cwt_coefficients__widths_(2, 5, 10, 20)__coeff_13__w_20","F_x__cwt_coefficients__widths_(2, 5, 10, 20)__coeff_13__w_20",real,0.8148099684182483,False
"F_x__fft_coefficient__coeff_92__attr_""imag""","F_x__fft_coefficient__coeff_92__attr_""imag""",real,0.8197388224408049,False
"F_x__cwt_coefficients__widths_(2, 5, 10, 20)__coeff_4__w_10","F_x__cwt_coefficients__widths_(2, 5, 10, 20)__coeff_4__w_10",real,0.8250044153506451,False
F_x__energy_ratio_by_chunks__num_segments_10__segment_focus_7,F_x__energy_ratio_by_chunks__num_segments_10__segment_focus_7,real,0.8296181614712919,False
"F_x__fft_coefficient__coeff_72__attr_""imag""","F_x__fft_coefficient__coeff_72__attr_""imag""",real,0.8304426518980892,False
"F_x__fft_coefficient__coeff_77__attr_""imag""","F_x__fft_coefficient__coeff_77__attr_""imag""",real,0.8305250900156593,False
"F_x__cwt_coefficients__widths_(2, 5, 10, 20)__coeff_11__w_20","F_x__cwt_coefficients__widths_(2, 5, 10, 20)__coeff_11__w_20",real,0.8309374619620358,False
F_x__longest_strike_above_mean,F_x__longest_strike_above_mean,real,0.8312360247168147,False
"F_x__fft_coefficient__coeff_30__attr_""real""","F_x__fft_coefficient__coeff_30__attr_""real""",real,0.8312673617020202,False
F_x__spkt_welch_density__coeff_2,F_x__spkt_welch_density__coeff_2,real,0.8363845750783803,False
"F_x__fft_coefficient__coeff_25__attr_""real""","F_x__fft_coefficient__coeff_25__attr_""real""",real,0.8449837500896571,False
"F_x__fft_coefficient__coeff_75__attr_""imag""","F_x__fft_coefficient__coeff_75__attr_""imag""",real,0.8458943615324647,False
"F_x__fft_coefficient__coeff_80__attr_""imag""","F_x__fft_coefficient__coeff_80__attr_""imag""",real,0.8493731702073912,False
"F_x__fft_coefficient__coeff_40__attr_""imag""","F_x__fft_coefficient__coeff_40__attr_""imag""",real,0.8544309973842388,False
"F_x__cwt_coefficients__widths_(2, 5, 10, 20)__coeff_12__w_20","F_x__cwt_coefficients__widths_(2, 5, 10, 20)__coeff_12__w_20",real,0.8577508464573644,False
"F_x__fft_coefficient__coeff_40__attr_""real""","F_x__fft_coefficient__coeff_40__attr_""real""",real,0.8683909996252273,False
"F_x__agg_linear_trend__f_agg_""min""__chunk_len_10__attr_""stderr""","F_x__agg_linear_trend__f_agg_""min""__chunk_len_10__attr_""stderr""",real,0.8710548450018628,False
"F_x__fft_coefficient__coeff_34__attr_""imag""","F_x__fft_coefficient__coeff_34__attr_""imag""",real,0.872220739323115,False
F_x__maximum,F_x__maximum,real,0.8742200598708729,False
"F_x__fft_coefficient__coeff_57__attr_""imag""","F_x__fft_coefficient__coeff_57__attr_""imag""",real,0.8768870677970477,False
"F_x__cwt_coefficients__widths_(2, 5, 10, 20)__coeff_8__w_10","F_x__cwt_coefficients__widths_(2, 5, 10, 20)__coeff_8__w_10",real,0.8770538028971544,False
"F_x__fft_aggregated__aggtype_""variance""","F_x__fft_aggregated__aggtype_""variance""",real,0.8845624027834558,False
"F_x__cwt_coefficients__widths_(2, 5, 10, 20)__coeff_4__w_2","F_x__cwt_coefficients__widths_(2, 5, 10, 20)__coeff_4__w_2",real,0.8862324139261072,False
"F_x__fft_coefficient__coeff_60__attr_""imag""","F_x__fft_coefficient__coeff_60__attr_""imag""",real,0.8869840826958676,False
F_x__energy_ratio_by_chunks__num_segments_10__segment_focus_6,F_x__energy_ratio_by_chunks__num_segments_10__segment_focus_6,real,0.8902424887507305,False
"F_x__fft_coefficient__coeff_97__attr_""imag""","F_x__fft_coefficient__coeff_97__attr_""imag""",real,0.8910781915441279,False
"F_x__fft_coefficient__coeff_14__attr_""real""","F_x__fft_coefficient__coeff_14__attr_""real""",real,0.8977688725696333,False
"F_x__fft_coefficient__coeff_48__attr_""imag""","F_x__fft_coefficient__coeff_48__attr_""imag""",real,0.8994426764662223,False
"F_x__fft_coefficient__coeff_42__attr_""imag""","F_x__fft_coefficient__coeff_42__attr_""imag""",real,0.9089916808165095,False
"F_x__fft_coefficient__coeff_78__attr_""imag""","F_x__fft_coefficient__coeff_78__attr_""imag""",real,0.915113376199357,False
"F_x__fft_coefficient__coeff_36__attr_""imag""","F_x__fft_coefficient__coeff_36__attr_""imag""",real,0.9153650836501667,False
"F_x__fft_coefficient__coeff_10__attr_""real""","F_x__fft_coefficient__coeff_10__attr_""real""",real,0.9163719186698547,False
"F_x__cwt_coefficients__widths_(2, 5, 10, 20)__coeff_7__w_10","F_x__cwt_coefficients__widths_(2, 5, 10, 20)__coeff_7__w_10",real,0.9173788878542654,False
"F_x__cwt_coefficients__widths_(2, 5, 10, 20)__coeff_9__w_2","F_x__cwt_coefficients__widths_(2, 5, 10, 20)__coeff_9__w_2",real,0.9217439321976335,False
"F_x__fft_coefficient__coeff_90__attr_""real""","F_x__fft_coefficient__coeff_90__attr_""real""",real,0.9256912762315033,False
"F_x__change_quantiles__f_agg_""mean""__isabs_False__qh_1.0__ql_0.0","F_x__change_quantiles__f_agg_""mean""__isabs_False__qh_1.0__ql_0.0",real,0.9272875603988535,False
F_x__mean_change,F_x__mean_change,real,0.9272875603988535,False
"F_x__fft_coefficient__coeff_4__attr_""real""","F_x__fft_coefficient__coeff_4__attr_""real""",real,0.9333391736333715,False
"F_x__agg_linear_trend__f_agg_""var""__chunk_len_50__attr_""intercept""","F_x__agg_linear_trend__f_agg_""var""__chunk_len_50__attr_""intercept""",real,0.9398994274291339,False
F_x__index_mass_quantile__q_0.8,F_x__index_mass_quantile__q_0.8,real,0.9409088055752621,False
"F_x__cwt_coefficients__widths_(2, 5, 10, 20)__coeff_5__w_10","F_x__cwt_coefficients__widths_(2, 5, 10, 20)__coeff_5__w_10",real,0.9417505124714138,False
"F_x__agg_autocorrelation__f_agg_""median""__maxlag_40","F_x__agg_autocorrelation__f_agg_""median""__maxlag_40",real,0.9525263859254828,False
"F_x__fft_coefficient__coeff_6__attr_""real""","F_x__fft_coefficient__coeff_6__attr_""real""",real,0.9565696837638744,False
"F_x__cwt_coefficients__widths_(2, 5, 10, 20)__coeff_6__w_2","F_x__cwt_coefficients__widths_(2, 5, 10, 20)__coeff_6__w_2",real,0.959434368818049,False
"F_x__fft_coefficient__coeff_74__attr_""imag""","F_x__fft_coefficient__coeff_74__attr_""imag""",real,0.9606140955534814,False
F_x__energy_ratio_by_chunks__num_segments_10__segment_focus_3,F_x__energy_ratio_by_chunks__num_segments_10__segment_focus_3,real,0.9606140994018586,False
F_x__ratio_beyond_r_sigma__r_1,F_x__ratio_beyond_r_sigma__r_1,real,0.9608668755992755,False
"F_x__cwt_coefficients__widths_(2, 5, 10, 20)__coeff_1__w_5","F_x__cwt_coefficients__widths_(2, 5, 10, 20)__coeff_1__w_5",real,0.96954896059637,False
"F_x__fft_coefficient__coeff_33__attr_""imag""","F_x__fft_coefficient__coeff_33__attr_""imag""",real,0.9730903087822045,False
"F_x__cwt_coefficients__widths_(2, 5, 10, 20)__coeff_6__w_10","F_x__cwt_coefficients__widths_(2, 5, 10, 20)__coeff_6__w_10",real,0.9752828422834501,False
"F_x__fft_coefficient__coeff_30__attr_""imag""","F_x__fft_coefficient__coeff_30__attr_""imag""",real,0.9781502807397064,False
"F_x__fft_coefficient__coeff_36__attr_""real""","F_x__fft_coefficient__coeff_36__attr_""real""",real,0.9793310748754511,False
"F_x__fft_coefficient__coeff_18__attr_""imag""","F_x__fft_coefficient__coeff_18__attr_""imag""",real,0.987597757074849,False
F_x__symmetry_looking__r_0.45,F_x__symmetry_looking__r_0.45,binary,1.0,False
"F_x__fft_coefficient__coeff_0__attr_""angle""","F_x__fft_coefficient__coeff_0__attr_""angle""",constant,,False
"F_x__fft_coefficient__coeff_0__attr_""imag""","F_x__fft_coefficient__coeff_0__attr_""imag""",constant,,False
F_x__has_duplicate,F_x__has_duplicate,constant,,False
F_x__has_duplicate_max,F_x__has_duplicate_max,constant,,False
F_x__has_duplicate_min,F_x__has_duplicate_min,constant,,False
F_x__large_standard_deviation__r_0.05,F_x__large_standard_deviation__r_0.05,constant,,False
F_x__large_standard_deviation__r_0.1,F_x__large_standard_deviation__r_0.1,constant,,False
F_x__large_standard_deviation__r_0.5,F_x__large_standard_deviation__r_0.5,constant,,False
F_x__large_standard_deviation__r_0.55,F_x__large_standard_deviation__r_0.55,constant,,False
F_x__large_standard_deviation__r_0.6000000000000001,F_x__large_standard_deviation__r_0.6000000000000001,constant,,False
F_x__large_standard_deviation__r_0.65,F_x__large_standard_deviation__r_0.65,constant,,False
F_x__large_standard_deviation__r_0.7000000000000001,F_x__large_standard_deviation__r_0.7000000000000001,constant,,False
F_x__large_standard_deviation__r_0.75,F_x__large_standard_deviation__r_0.75,constant,,False
F_x__large_standard_deviation__r_0.8,F_x__large_standard_deviation__r_0.8,constant,,False
F_x__large_standard_deviation__r_0.8500000000000001,F_x__large_standard_deviation__r_0.8500000000000001,constant,,False
F_x__large_standard_deviation__r_0.9,F_x__large_standard_deviation__r_0.9,constant,,False
F_x__large_standard_deviation__r_0.9500000000000001,F_x__large_standard_deviation__r_0.9500000000000001,constant,,False
F_x__partial_autocorrelation__lag_0,F_x__partial_autocorrelation__lag_0,constant,,False
F_x__percentage_of_reoccurring_datapoints_to_all_datapoints,F_x__percentage_of_reoccurring_datapoints_to_all_datapoints,constant,,False
F_x__percentage_of_reoccurring_values_to_all_values,F_x__percentage_of_reoccurring_values_to_all_values,constant,,False
F_x__range_count__max_0__min_1000000000000.0,F_x__range_count__max_0__min_1000000000000.0,constant,,False
F_x__ratio_beyond_r_sigma__r_10,F_x__ratio_beyond_r_sigma__r_10,constant,,False
F_x__ratio_beyond_r_sigma__r_7,F_x__ratio_beyond_r_sigma__r_7,constant,,False
F_x__ratio_value_number_to_time_series_length,F_x__ratio_value_number_to_time_series_length,constant,,False
F_x__sum_of_reoccurring_data_points,F_x__sum_of_reoccurring_data_points,constant,,False
F_x__sum_of_reoccurring_values,F_x__sum_of_reoccurring_values,constant,,False
F_x__symmetry_looking__r_0.0,F_x__symmetry_looking__r_0.0,constant,,False
F_x__symmetry_looking__r_0.5,F_x__symmetry_looking__r_0.5,constant,,False
F_x__symmetry_looking__r_0.55,F_x__symmetry_looking__r_0.55,constant,,False
F_x__symmetry_looking__r_0.6000000000000001,F_x__symmetry_looking__r_0.6000000000000001,constant,,False
F_x__symmetry_looking__r_0.65,F_x__symmetry_looking__r_0.65,constant,,False
F_x__symmetry_looking__r_0.7000000000000001,F_x__symmetry_looking__r_0.7000000000000001,constant,,False
F_x__symmetry_looking__r_0.75,F_x__symmetry_looking__r_0.75,constant,,False
F_x__symmetry_looking__r_0.8,F_x__symmetry_looking__r_0.8,constant,,False
F_x__symmetry_looking__r_0.8500000000000001,F_x__symmetry_looking__r_0.8500000000000001,constant,,False
F_x__symmetry_looking__r_0.9,F_x__symmetry_looking__r_0.9,constant,,False
F_x__symmetry_looking__r_0.9500000000000001,F_x__symmetry_looking__r_0.9500000000000001,constant,,False
F_x__value_count__value_-1,F_x__value_count__value_-1,constant,,False
F_x__value_count__value_0,F_x__value_count__value_0,constant,,False
F_x__value_count__value_1,F_x__value_count__value_1,constant,,False
F_x__variance_larger_than_standard_deviation,F_x__variance_larger_than_standard_deviation,constant,,False
